log_id,timestamp,staff_id,staff_name,action,resource_type,resource_id,nhs_number,ip_address,system,authorized,access_reason,created_at
8a8952c8-41f4-4459-8a00-621d08566250,2025-04-26 06:08:44,16577a27-da14-481b-88f6-3530ada23ac3,Alison Baker,View Test Results,Patient Record,267fd393-da77-4f21-9bf7-8e25b8e879d0,632-195-2972,181.71.32.113,Laboratory System,True,Clinical Care,2025-04-26 06:08:44
a7d0dd41-0758-4ad1-8a26-87f9f1a10fc5,2025-04-18 23:11:09,6dc32cc0-0346-4f3a-b289-28b3b4caa228,Dominic Bond,Add Medical Notes,Patient Record,a4af7db3-c7b5-48d6-a356-086502bbbb29,717-158-7745,148.9.17.59,Electronic Health Record,True,Clinical Care,2025-04-18 23:11:09
e23c7cef-66bd-49ba-b1b4-e54c82e5f7ec,2025-04-26 15:37:40,db572e88-202c-4988-a12c-607d239df35b,Terence Hopkins,Prescribe Medication,Patient Record,b848312f-6fc6-4205-823e-6b64db845e7d,535-257-4542,203.98.19.29,Laboratory System,True,Clinical Care,2025-04-26 15:37:40
6404bd3e-a447-4b71-819e-44cedaa712e1,2025-03-31 05:21:37,c58dac46-9dc8-480b-8abe-02de65bc6f78,Alexandra Bibi,Schedule Appointment,Patient Record,ecb7dfb6-8a00-49c6-b09c-b658c00a253b,835-801-2314,221.204.92.215,Patient Portal,True,Clinical Care,2025-03-31 05:21:37
334487de-ec95-4da6-a333-68bb835ce2af,2025-04-21 03:53:13,1d5e89e7-61ac-4dad-b572-de6a62088f5c,Christopher Kelly,View Test Results,Patient Record,7ac8eebc-f4d8-4dc4-be3d-7358c52c12fc,549-640-4240,78.90.71.254,Laboratory System,True,Clinical Care,2025-04-21 03:53:13
91163b8a-a95f-4294-896a-52c82afbc9d9,2025-04-20 04:33:37,852bcb5e-708f-4d48-96d2-c19d3072a23d,Marilyn Gray,Update Patient Demographics,Patient Record,40c1a845-3acd-4912-93cf-e1792c0c66cf,573-155-6533,213.96.244.27,Patient Portal,True,Clinical Care,2025-04-20 04:33:37
1ed53269-fcf2-406c-a6aa-f14b823ba243,2025-04-19 05:04:09,31785a8c-727f-4157-97e4-fab469560461,Scott Mitchell,View Test Results,Patient Record,0f425f6d-c4c0-4607-bd61-d941f16b161b,990-245-9238,61.188.15.207,Pharmacy System,True,Clinical Care,2025-04-19 05:04:09
eee78d7c-00c4-492d-bef7-48ea058ff2ce,2025-04-21 03:59:54,deead945-ee6f-4318-83f7-3c84482a29fc,Scott Morris,Schedule Appointment,Patient Record,8b53fba5-75e8-4e1f-ad89-57d58d823ea7,701-460-3625,140.21.100.28,Pharmacy System,True,Clinical Care,2025-04-21 03:59:54
91146cd8-5bcb-49cf-9fc3-8522804d56d3,2025-04-07 06:38:21,db572e88-202c-4988-a12c-607d239df35b,Terence Hopkins,Add Medical Notes,Patient Record,32cdf292-b73e-4442-844b-9b59778adf43,512-947-8963,154.195.109.254,Patient Portal,False,Unauthorized Access,2025-04-07 06:38:21
42a4d715-c13d-4bb3-b40a-ed21bf2bccc6,2025-04-18 22:25:51,c58dac46-9dc8-480b-8abe-02de65bc6f78,Alexandra Bibi,Prescribe Medication,Patient Record,afda391c-d993-452b-bd3e-6c679d4c5b80,713-442-6088,82.31.78.245,Patient Portal,True,Clinical Care,2025-04-18 22:25:51
adb3ac0e-d178-4998-adb3-1c05738f09a1,2025-04-10 09:03:52,31785a8c-727f-4157-97e4-fab469560461,Scott Mitchell,Update Patient Demographics,Patient Record,2930bb24-6067-4b6b-b312-286aa0903d12,575-896-4633,108.255.183.60,Pharmacy System,True,Clinical Care,2025-04-10 09:03:52
bc0d30ab-330e-4cab-ae30-d96baed8cf9c,2025-04-13 04:03:09,1d5e89e7-61ac-4dad-b572-de6a62088f5c,Christopher Kelly,Edit Patient Consent,Patient Record,f53f25d8-9e7a-4334-ad65-44efb2a5751f,624-584-5043,102.153.152.192,Pharmacy System,True,Clinical Care,2025-04-13 04:03:09
b2b6933f-f253-4147-9163-1e881d2ada74,2025-04-17 23:01:52,852bcb5e-708f-4d48-96d2-c19d3072a23d,Marilyn Gray,Add Medical Notes,Patient Record,6ed951ac-6155-4cdf-b807-852b5be62bef,710-725-9305,152.95.197.169,Pharmacy System,True,Clinical Care,2025-04-17 23:01:52
1efe0d65-9ba7-4673-acd7-1f017c1e7699,2025-04-25 22:40:34,deead945-ee6f-4318-83f7-3c84482a29fc,Scott Morris,View Test Results,Patient Record,267fd393-da77-4f21-9bf7-8e25b8e879d0,632-195-2972,146.8.31.163,Electronic Health Record,True,Clinical Care,2025-04-25 22:40:34
e2b17cdd-3efd-44f6-a499-cb8ba6d9fb4f,2025-04-09 02:29:17,c58dac46-9dc8-480b-8abe-02de65bc6f78,Alexandra Bibi,Edit Patient Consent,Patient Record,bbc85f99-73e5-4c04-a752-def71cd3efe1,528-422-6861,205.135.16.37,Patient Portal,True,Clinical Care,2025-04-09 02:29:17
5dc1172d-8778-4928-9981-c02511b0b331,2025-04-22 14:09:52,16577a27-da14-481b-88f6-3530ada23ac3,Alison Baker,Download Medical History,Patient Record,a92961e0-0732-447d-80c5-cc552d1b403f,590-373-6650,60.68.69.235,Laboratory System,True,Clinical Care,2025-04-22 14:09:52
8bbda0de-5ad2-4bc7-84fc-5d633645ca04,2025-04-11 03:26:04,852bcb5e-708f-4d48-96d2-c19d3072a23d,Marilyn Gray,Edit Patient Consent,Patient Record,03384811-f9b0-438f-a953-ce1a17f8848d,679-390-8932,128.180.194.106,Pharmacy System,True,Clinical Care,2025-04-11 03:26:04
d4f8b057-112b-4aa9-b68b-d28c3ef81c1f,2025-04-26 18:22:42,c58dac46-9dc8-480b-8abe-02de65bc6f78,Alexandra Bibi,Edit Patient Consent,Patient Record,950b6947-156c-4903-a164-af2c1cc8aa67,954-471-9239,176.241.232.146,Patient Portal,True,Clinical Care,2025-04-26 18:22:42
94f7605a-26c9-412f-a6ef-bbc28d9eb39b,2025-04-02 12:30:59,c58dac46-9dc8-480b-8abe-02de65bc6f78,Alexandra Bibi,View Patient Record,Patient Record,517fa09f-562e-40db-9c24-2078c3b88ea9,781-152-3710,11.178.60.7,Patient Portal,True,Clinical Care,2025-04-02 12:30:59
7fc0baba-95e9-4fb7-9678-022ca131129b,2025-04-15 11:53:36,db572e88-202c-4988-a12c-607d239df35b,Terence Hopkins,Prescribe Medication,Patient Record,150a1e8e-8810-49a2-95aa-7ad143242b63,429-196-5591,7.26.45.128,Pharmacy System,True,Clinical Care,2025-04-15 11:53:36
ea100a18-a47a-4503-b61d-06a881fc5e7c,2025-04-22 11:34:44,1d5e89e7-61ac-4dad-b572-de6a62088f5c,Christopher Kelly,Schedule Appointment,Patient Record,ecc6fe52-9d8a-4d71-b891-9618978d4b29,905-314-9993,4.4.206.102,Patient Portal,True,Clinical Care,2025-04-22 11:34:44
f120cc6c-986b-49fd-97b4-d30dfc7c79ef,2025-04-02 23:37:15,d212daf3-b689-40e8-9643-a8b949792097,Connor Fry,Edit Patient Consent,Patient Record,c1a3f283-5074-4f00-ba82-0f161ddd02ae,923-425-3905,137.134.93.84,Electronic Health Record,True,Clinical Care,2025-04-02 23:37:15
5f31ecc9-2993-4bf4-b8b0-28a4636882ce,2025-04-14 06:58:20,852bcb5e-708f-4d48-96d2-c19d3072a23d,Marilyn Gray,Download Medical History,Patient Record,80944f9e-3c09-4e4a-b75a-227391c8e7d0,529-727-9492,187.87.191.138,Electronic Health Record,True,Clinical Care,2025-04-14 06:58:20
d2a5aad1-62c9-492c-9af2-72260935520e,2025-04-20 14:03:57,1d5e89e7-61ac-4dad-b572-de6a62088f5c,Christopher Kelly,Edit Patient Consent,Patient Record,4515a116-c393-4848-a4f2-4052446d73b3,916-929-3652,143.179.216.125,Patient Portal,True,Clinical Care,2025-04-20 14:03:57
7bf0c8de-85e6-47ec-a4d1-028b1157d9d8,2025-04-21 17:01:20,1d5e89e7-61ac-4dad-b572-de6a62088f5c,Christopher Kelly,Update Patient Demographics,Patient Record,8d420b24-b9f9-4cf8-ad3f-5a60368bcf57,682-761-8128,118.160.235.139,Electronic Health Record,True,Clinical Care,2025-04-21 17:01:20
5c73c36d-5bb6-4010-99ac-7f2c6c88da9e,2025-04-11 05:37:57,d212daf3-b689-40e8-9643-a8b949792097,Connor Fry,Cancel Appointment,Patient Record,7d56f4b9-eb3e-4bcb-a458-5f8eca805cde,704-446-7369,62.144.136.45,Electronic Health Record,True,Clinical Care,2025-04-11 05:37:57
1c2db16d-1d2f-4b31-9a1b-f44fbfec6142,2025-04-21 03:16:09,16577a27-da14-481b-88f6-3530ada23ac3,Alison Baker,View Test Results,Patient Record,70839217-205f-47b5-8b05-0de7cc30fae0,905-267-5000,86.119.79.240,Patient Portal,True,Clinical Care,2025-04-21 03:16:09
6294e75d-a30f-4125-8ad7-a594f198e964,2025-04-06 20:54:35,1d5e89e7-61ac-4dad-b572-de6a62088f5c,Christopher Kelly,View Test Results,Patient Record,147a0962-3165-4e82-a21e-53c85a43be69,627-431-2105,168.15.244.151,Patient Portal,True,Clinical Care,2025-04-06 20:54:35
d033d7b0-b299-40a3-9910-6a2a0339b0d1,2025-04-17 22:31:41,db572e88-202c-4988-a12c-607d239df35b,Terence Hopkins,Cancel Appointment,Patient Record,a356986c-519c-42f0-9ba6-bd7e02da641a,555-624-6178,106.7.109.63,Electronic Health Record,True,Clinical Care,2025-04-17 22:31:41
4b4c216e-4c9d-44e3-8bc1-c4f4e08bddc6,2025-04-19 22:26:02,db572e88-202c-4988-a12c-607d239df35b,Terence Hopkins,Add Medical Notes,Patient Record,80bfe1b5-ed64-47d7-b045-f8ccb4a68f29,471-844-7060,11.30.167.157,Patient Portal,True,Clinical Care,2025-04-19 22:26:02
36aabc44-a9b1-4c14-b431-848576b26995,2025-04-22 03:17:49,852bcb5e-708f-4d48-96d2-c19d3072a23d,Marilyn Gray,Add Medical Notes,Patient Record,95e2bebb-7a7e-487c-9010-782f8e9c414c,907-826-8139,167.238.197.170,Pharmacy System,True,Clinical Care,2025-04-22 03:17:49
4fc3f930-fba4-48a3-a035-5d2960e11a7b,2025-04-06 14:30:56,31785a8c-727f-4157-97e4-fab469560461,Scott Mitchell,View Patient Record,Patient Record,82237a28-9f41-4f2c-9821-47858ff7120b,794-381-2971,18.153.103.3,Pharmacy System,True,Clinical Care,2025-04-06 14:30:56
a8bf8110-04eb-4ee0-b4ca-2c4ebe41a4f5,2025-04-14 17:03:36,3534af73-6adc-4a69-ba36-641e3aae2b17,Nicole Ford,Schedule Appointment,Patient Record,e0f7c894-06fe-4e90-97d2-f81ea30515a7,816-755-5709,115.91.144.226,Laboratory System,True,Clinical Care,2025-04-14 17:03:36
93d990e3-d2a5-470f-8076-9016fbd80e39,2025-04-06 21:20:16,db572e88-202c-4988-a12c-607d239df35b,Terence Hopkins,Update Patient Demographics,Patient Record,517fa09f-562e-40db-9c24-2078c3b88ea9,781-152-3710,29.141.225.250,Pharmacy System,True,Clinical Care,2025-04-06 21:20:16
f9c8957d-f49d-453b-857d-1c04bd8a66b8,2025-04-07 08:26:39,31785a8c-727f-4157-97e4-fab469560461,Scott Mitchell,View Test Results,Patient Record,f7215183-e5e4-4f7a-9cc0-2d92f586eca4,504-690-6546,105.4.6.148,Electronic Health Record,True,Clinical Care,2025-04-07 08:26:39
cb62399a-efba-4b31-ac52-f992ef804ec8,2025-04-23 21:21:58,852bcb5e-708f-4d48-96d2-c19d3072a23d,Marilyn Gray,Download Medical History,Patient Record,75a3960e-95a2-4287-9d9b-e5448a3f150a,414-624-1120,2.108.198.101,Pharmacy System,True,Clinical Care,2025-04-23 21:21:58
a6c2c3a1-9c50-48bd-8b11-65269a7dab28,2025-04-01 12:11:53,db572e88-202c-4988-a12c-607d239df35b,Terence Hopkins,View Patient Record,Patient Record,d6fc145b-94db-4c09-9dbc-8980a62c26a1,843-905-8207,211.28.111.168,Pharmacy System,True,Clinical Care,2025-04-01 12:11:53
74ed06dd-092e-4e98-be30-69cc9658d2e1,2025-03-30 17:37:35,852bcb5e-708f-4d48-96d2-c19d3072a23d,Marilyn Gray,Add Medical Notes,Patient Record,03ecbe1f-0bdc-4597-8cfe-cfcb9a545bb3,458-315-4747,83.46.113.43,Laboratory System,True,Clinical Care,2025-03-30 17:37:35
b4c1c16f-1bee-4e12-b833-db5fbe152cf7,2025-04-11 01:49:18,6dc32cc0-0346-4f3a-b289-28b3b4caa228,Dominic Bond,View Patient Record,Patient Record,9703dd32-a950-48d9-8f82-5ac5a049437a,991-263-4191,215.110.208.179,Laboratory System,True,Clinical Care,2025-04-11 01:49:18
f6d3262c-a75d-41c6-8874-0cd549c92f8c,2025-04-25 11:23:53,d212daf3-b689-40e8-9643-a8b949792097,Connor Fry,Schedule Appointment,Patient Record,80944f9e-3c09-4e4a-b75a-227391c8e7d0,529-727-9492,73.54.190.28,Patient Portal,True,Clinical Care,2025-04-25 11:23:53
66508685-c119-4bb6-baee-99cbfee62b14,2025-04-12 13:50:19,852bcb5e-708f-4d48-96d2-c19d3072a23d,Marilyn Gray,Add Medical Notes,Patient Record,150a1e8e-8810-49a2-95aa-7ad143242b63,429-196-5591,74.136.229.150,Electronic Health Record,True,Clinical Care,2025-04-12 13:50:19
3204d59e-e973-40f7-bb99-b2d2cdbf291d,2025-04-08 23:40:17,852bcb5e-708f-4d48-96d2-c19d3072a23d,Marilyn Gray,Update Patient Demographics,Patient Record,e0f7c894-06fe-4e90-97d2-f81ea30515a7,816-755-5709,99.246.40.28,Patient Portal,True,Clinical Care,2025-04-08 23:40:17
e9b3caf4-ecbc-4d12-aea1-bd3698904d00,2025-04-16 22:59:13,d212daf3-b689-40e8-9643-a8b949792097,Connor Fry,View Patient Record,Patient Record,7d56f4b9-eb3e-4bcb-a458-5f8eca805cde,704-446-7369,5.53.70.241,Electronic Health Record,True,Clinical Care,2025-04-16 22:59:13
5fdba076-0868-45ff-a097-a72aab0e0bbe,2025-04-06 13:37:28,852bcb5e-708f-4d48-96d2-c19d3072a23d,Marilyn Gray,View Test Results,Patient Record,98917065-6b47-421a-8701-63be91fcb974,837-106-8255,155.252.187.141,Laboratory System,True,Clinical Care,2025-04-06 13:37:28
d4de63f6-b54f-4aa0-ad07-9e46043815de,2025-04-10 01:43:49,c58dac46-9dc8-480b-8abe-02de65bc6f78,Alexandra Bibi,Prescribe Medication,Patient Record,a63e6b11-b516-4f6c-b0a8-b954497ce8c3,621-532-2805,189.18.114.188,Pharmacy System,True,Clinical Care,2025-04-10 01:43:49
23e74fd8-f050-4178-b486-9be4744415c6,2025-04-05 04:01:50,c58dac46-9dc8-480b-8abe-02de65bc6f78,Alexandra Bibi,Prescribe Medication,Patient Record,7ac8eebc-f4d8-4dc4-be3d-7358c52c12fc,549-640-4240,177.9.166.83,Electronic Health Record,True,Clinical Care,2025-04-05 04:01:50
02b149b4-363c-42c9-8cd6-cc8fb7f80852,2025-04-19 06:06:48,16577a27-da14-481b-88f6-3530ada23ac3,Alison Baker,View Test Results,Patient Record,3694622e-8c79-4578-9631-75cb32638b5c,438-717-5443,107.246.82.30,Pharmacy System,True,Clinical Care,2025-04-19 06:06:48
036ab304-a79e-4d96-aac8-38b216aeabed,2025-04-03 18:58:18,db572e88-202c-4988-a12c-607d239df35b,Terence Hopkins,Edit Patient Consent,Patient Record,70839217-205f-47b5-8b05-0de7cc30fae0,905-267-5000,164.148.57.234,Electronic Health Record,True,Clinical Care,2025-04-03 18:58:18
d6fc602f-40a8-4a69-9a4b-6bb45de62692,2025-04-23 20:05:13,d212daf3-b689-40e8-9643-a8b949792097,Connor Fry,Download Medical History,Patient Record,03384811-f9b0-438f-a953-ce1a17f8848d,679-390-8932,63.206.39.11,Pharmacy System,True,Clinical Care,2025-04-23 20:05:13
e3dbc68c-c161-42b9-8e04-a0e56bf87053,2025-04-13 05:09:38,d212daf3-b689-40e8-9643-a8b949792097,Connor Fry,Add Medical Notes,Patient Record,f12f0313-312a-41a9-858a-b8552471ed8c,697-604-8154,11.212.224.21,Pharmacy System,True,Clinical Care,2025-04-13 05:09:38
94b7ee66-b8b8-40a3-a30f-36b102c7daa0,2025-04-16 14:53:03,3534af73-6adc-4a69-ba36-641e3aae2b17,Nicole Ford,View Test Results,Patient Record,97000eff-2bad-4d30-b9a2-2b583bb7a2ea,991-190-3439,4.54.19.179,Electronic Health Record,True,Clinical Care,2025-04-16 14:53:03
cc5cff80-41ca-42ba-808e-3449cdce52ce,2025-04-28 03:05:09,6dc32cc0-0346-4f3a-b289-28b3b4caa228,Dominic Bond,Cancel Appointment,Patient Record,6d121daf-13ec-4759-9116-2c2279a500fe,703-249-2075,49.105.136.230,Patient Portal,True,Clinical Care,2025-04-28 03:05:09
6d17cb36-8ba3-4c8f-8490-82b5fa88117e,2025-04-22 05:57:34,31785a8c-727f-4157-97e4-fab469560461,Scott Mitchell,Edit Patient Consent,Patient Record,4280b71e-fbc8-46bc-b3b3-e718e83c9067,556-702-3524,52.200.219.165,Pharmacy System,True,Clinical Care,2025-04-22 05:57:34
adfaaf75-cfac-402e-9ca1-b9845a479e06,2025-04-20 08:31:19,16577a27-da14-481b-88f6-3530ada23ac3,Alison Baker,Schedule Appointment,Patient Record,f53f25d8-9e7a-4334-ad65-44efb2a5751f,624-584-5043,117.69.223.191,Patient Portal,False,Unauthorized Access,2025-04-20 08:31:19
dd7fc421-733d-45d7-9916-29457f6389f8,2025-04-27 20:25:39,6dc32cc0-0346-4f3a-b289-28b3b4caa228,Dominic Bond,Schedule Appointment,Patient Record,517fa09f-562e-40db-9c24-2078c3b88ea9,781-152-3710,218.241.161.204,Patient Portal,True,Clinical Care,2025-04-27 20:25:39
c1cab83e-9025-4993-8269-b67731979c6d,2025-04-19 23:01:46,db572e88-202c-4988-a12c-607d239df35b,Terence Hopkins,Edit Patient Consent,Patient Record,dd1a2ec2-bd8e-43f5-9356-326b35f5cc1d,543-167-8189,155.24.224.184,Pharmacy System,True,Clinical Care,2025-04-19 23:01:46
f17875a6-d6df-486e-a9be-b79b36c322cb,2025-03-30 20:38:17,16577a27-da14-481b-88f6-3530ada23ac3,Alison Baker,Cancel Appointment,Patient Record,97000eff-2bad-4d30-b9a2-2b583bb7a2ea,991-190-3439,132.217.41.229,Patient Portal,True,Clinical Care,2025-03-30 20:38:17
361dba24-aa7a-404b-aad0-8ba86011b9fa,2025-04-12 09:30:30,d212daf3-b689-40e8-9643-a8b949792097,Connor Fry,Schedule Appointment,Patient Record,4280b71e-fbc8-46bc-b3b3-e718e83c9067,556-702-3524,214.227.176.96,Patient Portal,True,Clinical Care,2025-04-12 09:30:30
e3121456-3507-4d76-89de-c3ab71090a39,2025-04-07 10:06:29,6dc32cc0-0346-4f3a-b289-28b3b4caa228,Dominic Bond,Update Patient Demographics,Patient Record,40c1a845-3acd-4912-93cf-e1792c0c66cf,573-155-6533,9.253.203.193,Patient Portal,True,Clinical Care,2025-04-07 10:06:29
28d5910a-a3f6-4784-9783-e6281e58dce0,2025-03-31 20:12:17,d212daf3-b689-40e8-9643-a8b949792097,Connor Fry,Prescribe Medication,Patient Record,70839217-205f-47b5-8b05-0de7cc30fae0,905-267-5000,117.10.228.70,Electronic Health Record,True,Clinical Care,2025-03-31 20:12:17
bf18a6da-4656-425a-9018-b93024da2fbe,2025-04-16 05:33:29,db572e88-202c-4988-a12c-607d239df35b,Terence Hopkins,Download Medical History,Patient Record,f7215183-e5e4-4f7a-9cc0-2d92f586eca4,504-690-6546,194.108.249.32,Pharmacy System,True,Clinical Care,2025-04-16 05:33:29
412ecb33-20f2-4a82-8c8e-017a9efeb868,2025-04-17 14:00:53,db572e88-202c-4988-a12c-607d239df35b,Terence Hopkins,View Patient Record,Patient Record,c8a7815e-ec88-4346-8a11-2340d4678295,802-504-5794,101.25.106.50,Pharmacy System,True,Clinical Care,2025-04-17 14:00:53
e6ccf1d4-8625-4f77-9778-605d88e0f6e5,2025-04-15 11:10:11,6dc32cc0-0346-4f3a-b289-28b3b4caa228,Dominic Bond,Cancel Appointment,Patient Record,3e3eba14-17e3-4090-9cae-2bc96f364624,528-716-4276,68.25.190.125,Laboratory System,True,Clinical Care,2025-04-15 11:10:11
3d46c604-41ba-4c15-aa43-62d114a78237,2025-04-19 13:44:51,31785a8c-727f-4157-97e4-fab469560461,Scott Mitchell,Schedule Appointment,Patient Record,7ac8eebc-f4d8-4dc4-be3d-7358c52c12fc,549-640-4240,152.163.163.221,Electronic Health Record,True,Clinical Care,2025-04-19 13:44:51
0ba5e2ee-898f-4116-bb0f-d058c0256714,2025-04-10 21:19:31,3534af73-6adc-4a69-ba36-641e3aae2b17,Nicole Ford,Update Patient Demographics,Patient Record,70a738dc-5ba0-410d-895c-d9e5598ffa76,750-430-6911,50.22.228.222,Electronic Health Record,True,Clinical Care,2025-04-10 21:19:31
d87626ec-3c1e-4aa6-bceb-4b83583bc84c,2025-04-25 07:59:38,db572e88-202c-4988-a12c-607d239df35b,Terence Hopkins,Schedule Appointment,Patient Record,03ecbe1f-0bdc-4597-8cfe-cfcb9a545bb3,458-315-4747,94.132.124.79,Electronic Health Record,True,Clinical Care,2025-04-25 07:59:38
b6c947c4-67bc-4aaf-84f8-073569e4cf37,2025-04-14 03:05:48,deead945-ee6f-4318-83f7-3c84482a29fc,Scott Morris,Cancel Appointment,Patient Record,6ed951ac-6155-4cdf-b807-852b5be62bef,710-725-9305,201.107.226.37,Laboratory System,True,Clinical Care,2025-04-14 03:05:48
2804ce5a-0999-445a-a4b7-bbdbd06eef81,2025-04-22 05:07:39,db572e88-202c-4988-a12c-607d239df35b,Terence Hopkins,View Test Results,Patient Record,879739e9-29bf-4a55-bc82-584d69216fda,645-419-1165,163.22.23.250,Laboratory System,True,Clinical Care,2025-04-22 05:07:39
4873b8f5-75ce-4e5c-91bd-a33d973a1eb7,2025-04-20 15:06:43,6dc32cc0-0346-4f3a-b289-28b3b4caa228,Dominic Bond,Download Medical History,Patient Record,03ba2dd1-63a6-4392-b710-7eded646d851,543-749-8869,137.39.30.84,Pharmacy System,True,Clinical Care,2025-04-20 15:06:43
b7e246bb-e6be-42d6-9b71-53fba32c69b6,2025-04-25 15:34:14,6dc32cc0-0346-4f3a-b289-28b3b4caa228,Dominic Bond,Cancel Appointment,Patient Record,8fdffaa7-98c6-4b98-8a67-779d37376e2a,440-509-9560,201.16.59.162,Patient Portal,True,Clinical Care,2025-04-25 15:34:14
86f576b4-8dfb-484e-9d00-75a3a55f6f7a,2025-04-02 04:54:46,16577a27-da14-481b-88f6-3530ada23ac3,Alison Baker,View Patient Record,Patient Record,d6fc145b-94db-4c09-9dbc-8980a62c26a1,843-905-8207,223.21.216.21,Laboratory System,True,Clinical Care,2025-04-02 04:54:46
ab0a4ae3-eabc-4127-a4ef-669b2cd42f2e,2025-04-16 18:23:51,6dc32cc0-0346-4f3a-b289-28b3b4caa228,Dominic Bond,Add Medical Notes,Patient Record,fe4f76aa-3b02-49d2-b903-78c0b3c6747b,834-230-8095,126.12.227.45,Electronic Health Record,True,Clinical Care,2025-04-16 18:23:51
ef20d87f-7fcd-4d6e-8569-a8ff365d2e78,2025-04-11 20:35:50,1d5e89e7-61ac-4dad-b572-de6a62088f5c,Christopher Kelly,View Patient Record,Patient Record,a4af7db3-c7b5-48d6-a356-086502bbbb29,717-158-7745,24.204.66.210,Laboratory System,True,Clinical Care,2025-04-11 20:35:50
36bcb6f8-cc87-49d7-8447-1ea864dfce4c,2025-04-22 12:11:06,c58dac46-9dc8-480b-8abe-02de65bc6f78,Alexandra Bibi,View Test Results,Patient Record,03ba2dd1-63a6-4392-b710-7eded646d851,543-749-8869,80.114.68.154,Patient Portal,True,Clinical Care,2025-04-22 12:11:06
f38d519e-ceca-4ad0-90df-9bb4e42e6b10,2025-04-10 17:12:37,3534af73-6adc-4a69-ba36-641e3aae2b17,Nicole Ford,Add Medical Notes,Patient Record,8b53fba5-75e8-4e1f-ad89-57d58d823ea7,701-460-3625,166.2.253.240,Laboratory System,True,Clinical Care,2025-04-10 17:12:37
62d0c3de-837b-41a8-a86e-df86ef2dd320,2025-04-16 03:54:40,d212daf3-b689-40e8-9643-a8b949792097,Connor Fry,Add Medical Notes,Patient Record,8ceea46a-0a22-4c19-b71d-faa807ef69b2,941-612-6494,46.100.41.97,Electronic Health Record,True,Clinical Care,2025-04-16 03:54:40
9c8ae439-9634-4e06-87c5-295c770157da,2025-04-18 16:01:06,31785a8c-727f-4157-97e4-fab469560461,Scott Mitchell,Edit Patient Consent,Patient Record,03ba2dd1-63a6-4392-b710-7eded646d851,543-749-8869,145.83.167.212,Electronic Health Record,False,Unauthorized Access,2025-04-18 16:01:06
5acec6cd-fcf6-4d51-813b-9d828685fa60,2025-04-04 13:18:34,16577a27-da14-481b-88f6-3530ada23ac3,Alison Baker,Schedule Appointment,Patient Record,b6e682e9-d7dd-4cd9-bb7d-1bc2b2e34b8c,768-737-9557,162.213.146.16,Laboratory System,True,Clinical Care,2025-04-04 13:18:34
f2d4366e-3cbb-46bc-91f7-053a3d87165e,2025-04-23 20:13:36,deead945-ee6f-4318-83f7-3c84482a29fc,Scott Morris,Schedule Appointment,Patient Record,950b6947-156c-4903-a164-af2c1cc8aa67,954-471-9239,27.198.136.159,Laboratory System,True,Clinical Care,2025-04-23 20:13:36
3ac3177b-956e-4dc1-9468-ec5d34428c4b,2025-04-03 04:56:04,c58dac46-9dc8-480b-8abe-02de65bc6f78,Alexandra Bibi,View Patient Record,Patient Record,03384811-f9b0-438f-a953-ce1a17f8848d,679-390-8932,49.118.9.54,Pharmacy System,True,Clinical Care,2025-04-03 04:56:04
c6bdb6ba-e841-465d-8194-a48e7a3ab4af,2025-04-02 10:09:52,31785a8c-727f-4157-97e4-fab469560461,Scott Mitchell,Edit Patient Consent,Patient Record,8d420b24-b9f9-4cf8-ad3f-5a60368bcf57,682-761-8128,61.109.132.175,Pharmacy System,True,Clinical Care,2025-04-02 10:09:52
62546be6-46be-4a9d-bfdb-43cb7847f578,2025-03-31 07:26:12,deead945-ee6f-4318-83f7-3c84482a29fc,Scott Morris,Update Patient Demographics,Patient Record,3e3eba14-17e3-4090-9cae-2bc96f364624,528-716-4276,56.166.180.98,Laboratory System,True,Clinical Care,2025-03-31 07:26:12
97e664cd-894f-411d-9805-5e3bda434bed,2025-04-27 02:50:47,1d5e89e7-61ac-4dad-b572-de6a62088f5c,Christopher Kelly,Schedule Appointment,Patient Record,6ed951ac-6155-4cdf-b807-852b5be62bef,710-725-9305,69.194.167.116,Patient Portal,True,Clinical Care,2025-04-27 02:50:47
c17481f6-7972-44eb-857d-085e503cc2eb,2025-04-02 03:32:45,16577a27-da14-481b-88f6-3530ada23ac3,Alison Baker,Prescribe Medication,Patient Record,f7215183-e5e4-4f7a-9cc0-2d92f586eca4,504-690-6546,181.192.55.165,Laboratory System,True,Clinical Care,2025-04-02 03:32:45
62309f57-3cf5-4316-bd64-2f4483186bc7,2025-04-08 20:53:36,deead945-ee6f-4318-83f7-3c84482a29fc,Scott Morris,Download Medical History,Patient Record,60e9a05f-9d30-47a0-9bed-176bf9265115,494-598-9546,91.156.146.147,Electronic Health Record,True,Clinical Care,2025-04-08 20:53:36
1b8dfd20-ac86-4de3-acb5-5857e577408b,2025-04-01 12:12:35,1d5e89e7-61ac-4dad-b572-de6a62088f5c,Christopher Kelly,View Patient Record,Patient Record,ecb7dfb6-8a00-49c6-b09c-b658c00a253b,835-801-2314,138.169.64.141,Laboratory System,True,Clinical Care,2025-04-01 12:12:35
e26aae01-8068-4046-86d9-31c92a36f388,2025-04-26 07:00:31,852bcb5e-708f-4d48-96d2-c19d3072a23d,Marilyn Gray,View Patient Record,Patient Record,80bfe1b5-ed64-47d7-b045-f8ccb4a68f29,471-844-7060,2.132.60.136,Laboratory System,True,Clinical Care,2025-04-26 07:00:31
043f9d6f-47e9-4315-903e-4c93304eb32c,2025-04-11 01:35:08,852bcb5e-708f-4d48-96d2-c19d3072a23d,Marilyn Gray,Add Medical Notes,Patient Record,d6aad68a-e224-49ea-adfe-869aa130e926,802-273-5451,177.220.81.152,Laboratory System,True,Clinical Care,2025-04-11 01:35:08
2009505e-784a-4cd3-bf20-0e3e780ee9f2,2025-04-22 03:49:30,852bcb5e-708f-4d48-96d2-c19d3072a23d,Marilyn Gray,View Test Results,Patient Record,9703dd32-a950-48d9-8f82-5ac5a049437a,991-263-4191,97.1.142.107,Patient Portal,True,Clinical Care,2025-04-22 03:49:30
490b1cf7-2021-4eda-8345-64932930062a,2025-03-31 07:28:09,31785a8c-727f-4157-97e4-fab469560461,Scott Mitchell,Download Medical History,Patient Record,4a0c584f-b8f2-4932-9e92-9b7c9fa794a3,876-488-6762,93.72.174.199,Laboratory System,True,Clinical Care,2025-03-31 07:28:09
d7828d85-0924-4865-8c94-997820d9056b,2025-04-18 03:17:30,852bcb5e-708f-4d48-96d2-c19d3072a23d,Marilyn Gray,Add Medical Notes,Patient Record,fe4f76aa-3b02-49d2-b903-78c0b3c6747b,834-230-8095,21.156.24.103,Pharmacy System,True,Clinical Care,2025-04-18 03:17:30
5c7cf629-1aed-4e3b-829c-a40648b6cd29,2025-04-24 19:17:46,852bcb5e-708f-4d48-96d2-c19d3072a23d,Marilyn Gray,Download Medical History,Patient Record,70839217-205f-47b5-8b05-0de7cc30fae0,905-267-5000,143.109.26.243,Patient Portal,True,Clinical Care,2025-04-24 19:17:46
e566dc86-e483-4b64-bd29-0dc2fa12d4e9,2025-04-02 02:04:01,6dc32cc0-0346-4f3a-b289-28b3b4caa228,Dominic Bond,Schedule Appointment,Patient Record,0f425f6d-c4c0-4607-bd61-d941f16b161b,990-245-9238,95.87.144.186,Laboratory System,True,Clinical Care,2025-04-02 02:04:01
8072a0bd-3201-45d2-913d-ece0a5eb3484,2025-04-06 17:00:03,c58dac46-9dc8-480b-8abe-02de65bc6f78,Alexandra Bibi,Prescribe Medication,Patient Record,2a5e0544-f7bb-4f32-8117-351224171333,912-669-3119,178.249.212.5,Patient Portal,True,Clinical Care,2025-04-06 17:00:03
abfe759f-9350-4c8c-bdf9-0c81825a3d0a,2025-04-14 13:10:14,16577a27-da14-481b-88f6-3530ada23ac3,Alison Baker,Edit Patient Consent,Patient Record,afda391c-d993-452b-bd3e-6c679d4c5b80,713-442-6088,153.24.177.141,Electronic Health Record,True,Clinical Care,2025-04-14 13:10:14
cd88b0c9-5f34-497a-984b-9d3f1514c787,2025-04-21 07:54:35,31785a8c-727f-4157-97e4-fab469560461,Scott Mitchell,View Patient Record,Patient Record,daa07bca-a109-40ed-b2c2-b5b9f67d2cc4,732-869-8669,110.67.255.91,Electronic Health Record,True,Clinical Care,2025-04-21 07:54:35
0bd1cc9d-68a8-4881-9c34-318f59988315,2025-04-22 19:49:47,6dc32cc0-0346-4f3a-b289-28b3b4caa228,Dominic Bond,Prescribe Medication,Patient Record,c8a7815e-ec88-4346-8a11-2340d4678295,802-504-5794,51.250.170.14,Electronic Health Record,True,Clinical Care,2025-04-22 19:49:47
37fc5f73-9a0a-45cf-b0da-553ec79d8564,2025-04-02 21:18:42,1d5e89e7-61ac-4dad-b572-de6a62088f5c,Christopher Kelly,Prescribe Medication,Patient Record,70a738dc-5ba0-410d-895c-d9e5598ffa76,750-430-6911,210.169.95.231,Patient Portal,True,Clinical Care,2025-04-02 21:18:42
4b6a7f50-a64b-4338-b19a-c63857112b66,2025-04-18 16:45:25,deead945-ee6f-4318-83f7-3c84482a29fc,Scott Morris,Add Medical Notes,Patient Record,23ec5346-15f6-487f-beb0-79e6ef9426e5,660-840-7689,174.49.80.133,Electronic Health Record,True,Clinical Care,2025-04-18 16:45:25
35509f26-9688-4830-8a5c-0b5946bb2806,2025-04-21 11:39:31,c58dac46-9dc8-480b-8abe-02de65bc6f78,Alexandra Bibi,Prescribe Medication,Patient Record,5d5e7599-629e-44be-8916-84fec20ce08a,914-797-5746,13.203.57.38,Laboratory System,True,Clinical Care,2025-04-21 11:39:31
44684fa7-55ca-4803-8ad5-457a86c67855,2025-04-05 16:00:52,6dc32cc0-0346-4f3a-b289-28b3b4caa228,Dominic Bond,Schedule Appointment,Patient Record,e584a838-b705-4fc0-8c30-9faf7a6d6fe0,780-755-9652,194.8.229.148,Laboratory System,True,Clinical Care,2025-04-05 16:00:52
a71d4bf4-e853-4cdd-962f-20d8b10afbfe,2025-04-15 11:11:08,d212daf3-b689-40e8-9643-a8b949792097,Connor Fry,View Test Results,Patient Record,ebaedcab-2a1f-4501-bd47-6f836abcb6d6,626-883-8548,104.0.100.255,Patient Portal,True,Clinical Care,2025-04-15 11:11:08
66e795b2-6974-479d-8daa-df91953b41fb,2025-04-27 00:35:29,852bcb5e-708f-4d48-96d2-c19d3072a23d,Marilyn Gray,Prescribe Medication,Patient Record,f65272a3-9d75-4f8a-a8fd-c416fd6c6f84,551-573-1340,59.14.254.55,Pharmacy System,True,Clinical Care,2025-04-27 00:35:29
283a45cd-d1b8-4db8-a3e0-15723946b5bf,2025-04-15 10:15:30,d212daf3-b689-40e8-9643-a8b949792097,Connor Fry,Update Patient Demographics,Patient Record,f65272a3-9d75-4f8a-a8fd-c416fd6c6f84,551-573-1340,88.21.41.179,Patient Portal,True,Clinical Care,2025-04-15 10:15:30
0e4de602-a092-4610-a78b-4995d9d42ac9,2025-04-25 09:29:28,852bcb5e-708f-4d48-96d2-c19d3072a23d,Marilyn Gray,Edit Patient Consent,Patient Record,4515a116-c393-4848-a4f2-4052446d73b3,916-929-3652,46.57.97.146,Pharmacy System,True,Clinical Care,2025-04-25 09:29:28
c21120ad-bcb6-47c4-b069-030878f9f153,2025-04-22 13:52:13,3534af73-6adc-4a69-ba36-641e3aae2b17,Nicole Ford,Update Patient Demographics,Patient Record,6ed951ac-6155-4cdf-b807-852b5be62bef,710-725-9305,212.117.31.21,Patient Portal,True,Clinical Care,2025-04-22 13:52:13
dd7cb802-859b-4b9c-90f7-369ef56b1ddf,2025-04-14 16:34:51,deead945-ee6f-4318-83f7-3c84482a29fc,Scott Morris,View Test Results,Patient Record,d6aad68a-e224-49ea-adfe-869aa130e926,802-273-5451,185.182.106.89,Pharmacy System,True,Clinical Care,2025-04-14 16:34:51
3ef56f93-6222-4c14-8fcb-d66bbc5f632d,2025-04-17 03:05:17,16577a27-da14-481b-88f6-3530ada23ac3,Alison Baker,Schedule Appointment,Patient Record,ecb7dfb6-8a00-49c6-b09c-b658c00a253b,835-801-2314,221.176.98.0,Electronic Health Record,True,Clinical Care,2025-04-17 03:05:17
f9e52c9a-b65d-4b09-92be-3c2d882b89ab,2025-04-11 16:28:03,6dc32cc0-0346-4f3a-b289-28b3b4caa228,Dominic Bond,Prescribe Medication,Patient Record,e584a838-b705-4fc0-8c30-9faf7a6d6fe0,780-755-9652,114.174.146.92,Electronic Health Record,True,Clinical Care,2025-04-11 16:28:03
7bbf2491-b8f4-4a3b-b6a0-6870f8b5fa7f,2025-04-08 08:15:23,deead945-ee6f-4318-83f7-3c84482a29fc,Scott Morris,Cancel Appointment,Patient Record,e2472a6c-72a6-4dcb-a9f6-6504e479c364,403-984-6999,28.8.68.87,Electronic Health Record,True,Clinical Care,2025-04-08 08:15:23
59f98d17-aec3-4048-881e-376b43e4a349,2025-04-20 10:24:02,db572e88-202c-4988-a12c-607d239df35b,Terence Hopkins,Download Medical History,Patient Record,517fa09f-562e-40db-9c24-2078c3b88ea9,781-152-3710,150.172.16.119,Laboratory System,True,Clinical Care,2025-04-20 10:24:02
e9bb225d-abc4-4efb-bc7c-655a60a397df,2025-04-27 13:00:33,1d5e89e7-61ac-4dad-b572-de6a62088f5c,Christopher Kelly,Add Medical Notes,Patient Record,e584a838-b705-4fc0-8c30-9faf7a6d6fe0,780-755-9652,144.223.249.14,Electronic Health Record,False,Unauthorized Access,2025-04-27 13:00:33
f8f65731-b51c-4551-9f52-ecbd687098ca,2025-04-06 17:55:02,852bcb5e-708f-4d48-96d2-c19d3072a23d,Marilyn Gray,Prescribe Medication,Patient Record,b59f7988-bf09-4a7e-aef3-4e5db917d0bd,876-700-8861,175.203.41.157,Electronic Health Record,True,Clinical Care,2025-04-06 17:55:02
8df7a61b-83d1-443f-ad14-4174f4feff49,2025-03-31 08:11:22,31785a8c-727f-4157-97e4-fab469560461,Scott Mitchell,View Test Results,Patient Record,16230566-bd53-4eb3-af8f-5ef5fa0df7b5,956-158-5977,107.204.75.182,Electronic Health Record,True,Clinical Care,2025-03-31 08:11:22
f69518e2-96e4-4c23-847a-d500048bd824,2025-04-26 03:09:03,db572e88-202c-4988-a12c-607d239df35b,Terence Hopkins,Schedule Appointment,Patient Record,1ca4e515-f9fa-4934-af6d-004fbbdf6ca5,944-234-4113,144.179.71.7,Patient Portal,True,Clinical Care,2025-04-26 03:09:03
25026fed-4932-4e53-b5c0-fb5ce8a4ffe8,2025-04-14 14:51:41,1d5e89e7-61ac-4dad-b572-de6a62088f5c,Christopher Kelly,Schedule Appointment,Patient Record,98917065-6b47-421a-8701-63be91fcb974,837-106-8255,192.190.15.193,Pharmacy System,True,Clinical Care,2025-04-14 14:51:41
3aaf09c9-40e9-4202-bdef-5f239e2de753,2025-04-28 21:58:28,16577a27-da14-481b-88f6-3530ada23ac3,Alison Baker,Download Medical History,Patient Record,40c1a845-3acd-4912-93cf-e1792c0c66cf,573-155-6533,106.185.253.223,Patient Portal,True,Clinical Care,2025-04-28 21:58:28
b86ff892-e440-4255-9e39-935df564c3c7,2025-04-21 08:19:34,d212daf3-b689-40e8-9643-a8b949792097,Connor Fry,Add Medical Notes,Patient Record,150a1e8e-8810-49a2-95aa-7ad143242b63,429-196-5591,47.165.15.129,Electronic Health Record,True,Clinical Care,2025-04-21 08:19:34
ac4eeca6-0811-49da-b2f8-7623a5041f10,2025-04-17 11:01:28,d212daf3-b689-40e8-9643-a8b949792097,Connor Fry,Prescribe Medication,Patient Record,4515a116-c393-4848-a4f2-4052446d73b3,916-929-3652,33.48.9.58,Patient Portal,True,Clinical Care,2025-04-17 11:01:28
fb34c0b2-0a34-430b-ab3b-d969fa398f52,2025-04-18 13:31:20,db572e88-202c-4988-a12c-607d239df35b,Terence Hopkins,Cancel Appointment,Patient Record,ecb7dfb6-8a00-49c6-b09c-b658c00a253b,835-801-2314,164.0.99.6,Pharmacy System,True,Clinical Care,2025-04-18 13:31:20
ce5febca-1511-4d6e-8099-eab23fbf1ea4,2025-04-08 17:31:07,3534af73-6adc-4a69-ba36-641e3aae2b17,Nicole Ford,Update Patient Demographics,Patient Record,8ceea46a-0a22-4c19-b71d-faa807ef69b2,941-612-6494,4.88.66.155,Pharmacy System,True,Clinical Care,2025-04-08 17:31:07
f96e221d-bc9b-4ea4-bee9-2df61b0a731a,2025-04-18 12:29:07,6dc32cc0-0346-4f3a-b289-28b3b4caa228,Dominic Bond,View Test Results,Patient Record,4a0c584f-b8f2-4932-9e92-9b7c9fa794a3,876-488-6762,67.195.207.251,Patient Portal,False,Unauthorized Access,2025-04-18 12:29:07
56bda472-4ed5-4a29-bb9d-1e8738f042b4,2025-04-06 09:43:03,31785a8c-727f-4157-97e4-fab469560461,Scott Mitchell,Schedule Appointment,Patient Record,8fdffaa7-98c6-4b98-8a67-779d37376e2a,440-509-9560,15.200.134.173,Laboratory System,True,Clinical Care,2025-04-06 09:43:03
ba04adba-f3e7-4c21-8698-60dfb01fe9c1,2025-04-10 11:24:55,16577a27-da14-481b-88f6-3530ada23ac3,Alison Baker,Cancel Appointment,Patient Record,147a0962-3165-4e82-a21e-53c85a43be69,627-431-2105,47.251.197.170,Laboratory System,True,Clinical Care,2025-04-10 11:24:55
9566b3cc-63e9-4367-b133-a2622246d4b9,2025-04-18 00:51:11,6dc32cc0-0346-4f3a-b289-28b3b4caa228,Dominic Bond,View Test Results,Patient Record,3fdab83c-9f70-4f03-b27b-e1b576d17d90,532-433-8349,195.103.183.52,Patient Portal,True,Clinical Care,2025-04-18 00:51:11
a773dfdf-6f3e-43c1-816a-60c94395af1e,2025-04-24 18:06:39,c58dac46-9dc8-480b-8abe-02de65bc6f78,Alexandra Bibi,Cancel Appointment,Patient Record,3694622e-8c79-4578-9631-75cb32638b5c,438-717-5443,138.28.33.103,Patient Portal,True,Clinical Care,2025-04-24 18:06:39
7c400a3f-3691-499c-a3eb-b1b3b1b094c0,2025-04-27 09:05:14,3534af73-6adc-4a69-ba36-641e3aae2b17,Nicole Ford,View Patient Record,Patient Record,1d73fd7d-5c40-4961-a5f8-5dc85cac82b5,802-750-6347,218.152.184.125,Electronic Health Record,True,Clinical Care,2025-04-27 09:05:14
d4efa7c9-39f7-4cb8-960e-0a7afc44273b,2025-04-27 20:54:11,852bcb5e-708f-4d48-96d2-c19d3072a23d,Marilyn Gray,View Patient Record,Patient Record,d6fc145b-94db-4c09-9dbc-8980a62c26a1,843-905-8207,126.210.78.5,Pharmacy System,True,Clinical Care,2025-04-27 20:54:11
af361f4d-4e58-4677-87b3-d9a8add5d329,2025-04-16 04:22:23,16577a27-da14-481b-88f6-3530ada23ac3,Alison Baker,View Test Results,Patient Record,517fa09f-562e-40db-9c24-2078c3b88ea9,781-152-3710,84.185.141.19,Patient Portal,True,Clinical Care,2025-04-16 04:22:23
f9f56443-c25f-4852-a911-dee294ec84ce,2025-04-25 09:49:43,d212daf3-b689-40e8-9643-a8b949792097,Connor Fry,Download Medical History,Patient Record,e0f7c894-06fe-4e90-97d2-f81ea30515a7,816-755-5709,211.42.206.140,Pharmacy System,True,Clinical Care,2025-04-25 09:49:43
f9e85e92-3243-4775-918a-7a5e2d03cace,2025-04-20 21:34:22,db572e88-202c-4988-a12c-607d239df35b,Terence Hopkins,View Patient Record,Patient Record,95e2bebb-7a7e-487c-9010-782f8e9c414c,907-826-8139,134.68.90.199,Laboratory System,False,Unauthorized Access,2025-04-20 21:34:22
d96e73da-fa1b-4c1c-a6e6-26ca28958683,2025-04-26 03:50:21,852bcb5e-708f-4d48-96d2-c19d3072a23d,Marilyn Gray,Schedule Appointment,Patient Record,c8a7815e-ec88-4346-8a11-2340d4678295,802-504-5794,136.74.216.41,Patient Portal,True,Clinical Care,2025-04-26 03:50:21
b2e0958a-d8d8-45ad-b278-7f69c18d8c63,2025-04-23 22:35:54,d212daf3-b689-40e8-9643-a8b949792097,Connor Fry,Update Patient Demographics,Patient Record,40c1a845-3acd-4912-93cf-e1792c0c66cf,573-155-6533,139.158.167.67,Patient Portal,True,Clinical Care,2025-04-23 22:35:54
f09c263b-15f9-484d-a138-bde169fdac33,2025-04-20 03:03:41,db572e88-202c-4988-a12c-607d239df35b,Terence Hopkins,Download Medical History,Patient Record,e0f7c894-06fe-4e90-97d2-f81ea30515a7,816-755-5709,90.95.176.30,Electronic Health Record,True,Clinical Care,2025-04-20 03:03:41
f5af11ec-0191-48c7-98d3-d736f7900f52,2025-04-18 16:15:41,852bcb5e-708f-4d48-96d2-c19d3072a23d,Marilyn Gray,Add Medical Notes,Patient Record,4515a116-c393-4848-a4f2-4052446d73b3,916-929-3652,24.196.35.169,Laboratory System,True,Clinical Care,2025-04-18 16:15:41
0bf17936-175f-4ed7-a4c0-b5e3f3331059,2025-04-24 17:48:30,852bcb5e-708f-4d48-96d2-c19d3072a23d,Marilyn Gray,Cancel Appointment,Patient Record,9703dd32-a950-48d9-8f82-5ac5a049437a,991-263-4191,3.37.197.13,Pharmacy System,False,Unauthorized Access,2025-04-24 17:48:30
754246cc-1b7e-4a45-af64-bc9eb63041df,2025-04-28 16:47:20,1d5e89e7-61ac-4dad-b572-de6a62088f5c,Christopher Kelly,View Test Results,Patient Record,c8a7815e-ec88-4346-8a11-2340d4678295,802-504-5794,219.110.126.122,Laboratory System,True,Clinical Care,2025-04-28 16:47:20
9b4d704f-4950-4d26-ad5f-36dcff808615,2025-04-02 15:36:46,deead945-ee6f-4318-83f7-3c84482a29fc,Scott Morris,View Patient Record,Patient Record,7ac8eebc-f4d8-4dc4-be3d-7358c52c12fc,549-640-4240,74.103.174.168,Pharmacy System,True,Clinical Care,2025-04-02 15:36:46
89e76e90-65a0-42a0-a902-5abfd0d051ab,2025-04-27 00:27:37,1d5e89e7-61ac-4dad-b572-de6a62088f5c,Christopher Kelly,Prescribe Medication,Patient Record,fe4f76aa-3b02-49d2-b903-78c0b3c6747b,834-230-8095,145.27.240.176,Laboratory System,True,Clinical Care,2025-04-27 00:27:37
61eb3698-ecff-454a-9d4e-ac959a095e68,2025-04-28 22:33:16,1d5e89e7-61ac-4dad-b572-de6a62088f5c,Christopher Kelly,Add Medical Notes,Patient Record,8d420b24-b9f9-4cf8-ad3f-5a60368bcf57,682-761-8128,84.20.123.220,Electronic Health Record,True,Clinical Care,2025-04-28 22:33:16
1595d3e5-142a-4d11-8fc9-92e23c8ff518,2025-04-17 02:53:53,3534af73-6adc-4a69-ba36-641e3aae2b17,Nicole Ford,Prescribe Medication,Patient Record,4a0c584f-b8f2-4932-9e92-9b7c9fa794a3,876-488-6762,188.216.189.95,Patient Portal,True,Clinical Care,2025-04-17 02:53:53
e6a01683-e89b-491a-8de0-ac0561a3de0d,2025-04-12 14:37:40,31785a8c-727f-4157-97e4-fab469560461,Scott Mitchell,Update Patient Demographics,Patient Record,ce3a0781-3eb2-47eb-b929-f45341185edf,607-207-6478,96.165.210.121,Electronic Health Record,True,Clinical Care,2025-04-12 14:37:40
f5a43075-0d5d-47bc-9cc2-6a2d999daaa6,2025-04-13 16:04:47,deead945-ee6f-4318-83f7-3c84482a29fc,Scott Morris,Schedule Appointment,Patient Record,8c5c0818-9a0c-4088-8337-c5e43959e9dc,670-105-3101,22.46.104.118,Pharmacy System,True,Clinical Care,2025-04-13 16:04:47
bbf04748-162c-44f6-b5ab-31e5d5488df2,2025-04-22 03:11:25,6dc32cc0-0346-4f3a-b289-28b3b4caa228,Dominic Bond,View Test Results,Patient Record,150a1e8e-8810-49a2-95aa-7ad143242b63,429-196-5591,208.98.148.12,Electronic Health Record,True,Clinical Care,2025-04-22 03:11:25
11ffff35-583f-45d4-8f0e-ad966103d219,2025-04-21 00:41:01,1d5e89e7-61ac-4dad-b572-de6a62088f5c,Christopher Kelly,Add Medical Notes,Patient Record,c1a3f283-5074-4f00-ba82-0f161ddd02ae,923-425-3905,31.131.6.208,Electronic Health Record,True,Clinical Care,2025-04-21 00:41:01
c2279934-3430-4e24-ba9b-1cbb7b1a9828,2025-04-11 04:33:28,c58dac46-9dc8-480b-8abe-02de65bc6f78,Alexandra Bibi,View Patient Record,Patient Record,a92961e0-0732-447d-80c5-cc552d1b403f,590-373-6650,13.120.239.184,Laboratory System,False,Unauthorized Access,2025-04-11 04:33:28
a96999db-c83a-4a5c-94a5-d603cdff21ea,2025-04-27 07:04:01,d212daf3-b689-40e8-9643-a8b949792097,Connor Fry,View Patient Record,Patient Record,e0f7c894-06fe-4e90-97d2-f81ea30515a7,816-755-5709,102.18.252.22,Patient Portal,True,Clinical Care,2025-04-27 07:04:01
8049b5fa-43cf-4d1b-bf23-ad021675e722,2025-04-14 12:17:30,16577a27-da14-481b-88f6-3530ada23ac3,Alison Baker,View Patient Record,Patient Record,6d467504-38d3-406c-830c-5fdd2f228477,953-134-5808,85.250.179.42,Pharmacy System,True,Clinical Care,2025-04-14 12:17:30
346c8eb0-ed77-4e4e-b04e-fef614dcacb5,2025-04-10 16:28:42,d212daf3-b689-40e8-9643-a8b949792097,Connor Fry,Cancel Appointment,Patient Record,8fdffaa7-98c6-4b98-8a67-779d37376e2a,440-509-9560,64.52.229.163,Pharmacy System,True,Clinical Care,2025-04-10 16:28:42
adf41f5d-c90a-4dac-b7b6-c278a70c8c98,2025-04-10 17:59:59,db572e88-202c-4988-a12c-607d239df35b,Terence Hopkins,View Patient Record,Patient Record,e0f7c894-06fe-4e90-97d2-f81ea30515a7,816-755-5709,106.231.96.133,Electronic Health Record,True,Clinical Care,2025-04-10 17:59:59
96791dd6-1156-4a3e-bce4-2735f93b0875,2025-04-14 21:29:35,1d5e89e7-61ac-4dad-b572-de6a62088f5c,Christopher Kelly,Schedule Appointment,Patient Record,4a0c584f-b8f2-4932-9e92-9b7c9fa794a3,876-488-6762,131.71.62.162,Electronic Health Record,True,Clinical Care,2025-04-14 21:29:35
142e27c8-aa3a-4caf-9148-d0b8b43f8481,2025-04-05 20:36:44,31785a8c-727f-4157-97e4-fab469560461,Scott Mitchell,Download Medical History,Patient Record,4bf1a14b-41b1-4ac5-b8f0-a5f8aac0ade9,955-943-6161,141.92.39.96,Laboratory System,True,Clinical Care,2025-04-05 20:36:44
59e60e1e-99ad-4e2d-8a4b-8d6ab4f2ef31,2025-04-21 09:20:51,deead945-ee6f-4318-83f7-3c84482a29fc,Scott Morris,View Patient Record,Patient Record,9703dd32-a950-48d9-8f82-5ac5a049437a,991-263-4191,201.144.100.191,Electronic Health Record,True,Clinical Care,2025-04-21 09:20:51
05edc8a0-1186-45f1-af88-c7ce9b0a5afd,2025-04-16 06:58:00,c58dac46-9dc8-480b-8abe-02de65bc6f78,Alexandra Bibi,Update Patient Demographics,Patient Record,78f789ff-61b5-4fca-ac48-679f127ca233,666-984-5704,181.123.61.188,Electronic Health Record,True,Clinical Care,2025-04-16 06:58:00
de674a7f-e645-44b3-a96a-fe5e8a14793c,2025-04-27 06:01:54,deead945-ee6f-4318-83f7-3c84482a29fc,Scott Morris,Schedule Appointment,Patient Record,3e3eba14-17e3-4090-9cae-2bc96f364624,528-716-4276,156.204.187.132,Patient Portal,True,Clinical Care,2025-04-27 06:01:54
a49f989c-7d5b-4a24-ab68-634423f4bc24,2025-04-04 08:13:00,6dc32cc0-0346-4f3a-b289-28b3b4caa228,Dominic Bond,Prescribe Medication,Patient Record,93ef1401-f512-4ea9-8cf0-796da79a94e5,566-793-2658,200.83.29.4,Patient Portal,True,Clinical Care,2025-04-04 08:13:00
89460b8a-e044-4698-bad1-46a08c17f351,2025-04-03 02:39:01,3534af73-6adc-4a69-ba36-641e3aae2b17,Nicole Ford,View Patient Record,Patient Record,c8a7815e-ec88-4346-8a11-2340d4678295,802-504-5794,156.180.254.60,Pharmacy System,True,Clinical Care,2025-04-03 02:39:01
8169c37e-1981-4cdb-bb7c-1f2227628212,2025-04-11 11:13:22,6dc32cc0-0346-4f3a-b289-28b3b4caa228,Dominic Bond,Update Patient Demographics,Patient Record,cba77cdd-2d55-46db-bbe5-3f4794d9d2a3,970-526-9424,59.118.48.47,Pharmacy System,True,Clinical Care,2025-04-11 11:13:22
addc3807-e2f9-47a1-a4fc-c1ff2883373a,2025-03-30 15:26:19,16577a27-da14-481b-88f6-3530ada23ac3,Alison Baker,View Patient Record,Patient Record,f65272a3-9d75-4f8a-a8fd-c416fd6c6f84,551-573-1340,2.224.202.111,Laboratory System,True,Clinical Care,2025-03-30 15:26:19
d33e5226-f8b1-4ada-ad8c-6f9512f23d8a,2025-04-18 20:48:25,852bcb5e-708f-4d48-96d2-c19d3072a23d,Marilyn Gray,Add Medical Notes,Patient Record,c8a7815e-ec88-4346-8a11-2340d4678295,802-504-5794,118.29.220.5,Patient Portal,True,Clinical Care,2025-04-18 20:48:25
03c3ad68-2fbe-47b9-ae6d-307703a8d3c3,2025-04-28 02:39:45,16577a27-da14-481b-88f6-3530ada23ac3,Alison Baker,Edit Patient Consent,Patient Record,8c5c0818-9a0c-4088-8337-c5e43959e9dc,670-105-3101,103.123.40.145,Patient Portal,True,Clinical Care,2025-04-28 02:39:45
933c9118-8af8-4355-910d-b539be63854a,2025-04-28 13:49:08,c58dac46-9dc8-480b-8abe-02de65bc6f78,Alexandra Bibi,Download Medical History,Patient Record,3694622e-8c79-4578-9631-75cb32638b5c,438-717-5443,39.88.206.239,Laboratory System,True,Clinical Care,2025-04-28 13:49:08
e552e261-0a9d-43e3-88fb-4fcdfd2440aa,2025-04-15 19:06:43,16577a27-da14-481b-88f6-3530ada23ac3,Alison Baker,View Patient Record,Patient Record,e0f7c894-06fe-4e90-97d2-f81ea30515a7,816-755-5709,175.197.94.122,Pharmacy System,True,Clinical Care,2025-04-15 19:06:43
27f6e3b7-f022-4b43-9853-83f73d50d9de,2025-04-04 08:45:43,16577a27-da14-481b-88f6-3530ada23ac3,Alison Baker,Download Medical History,Patient Record,2a1c92e2-389e-4acd-bafc-2799fdb0f204,840-448-4596,190.161.57.48,Electronic Health Record,True,Clinical Care,2025-04-04 08:45:43
1ab83dca-41f0-4f69-b076-41a39486c2a1,2025-04-08 15:34:18,6dc32cc0-0346-4f3a-b289-28b3b4caa228,Dominic Bond,Prescribe Medication,Patient Record,879739e9-29bf-4a55-bc82-584d69216fda,645-419-1165,129.61.58.157,Pharmacy System,True,Clinical Care,2025-04-08 15:34:18
d5d7c13d-a95d-4b38-90c0-f2e98408a632,2025-04-17 07:22:20,6dc32cc0-0346-4f3a-b289-28b3b4caa228,Dominic Bond,Add Medical Notes,Patient Record,0b7faa3c-756f-4780-bcf0-eed10652863a,752-276-5224,23.125.69.203,Pharmacy System,True,Clinical Care,2025-04-17 07:22:20
4bea67d3-a326-4a35-94a4-6ca70e4ad3ca,2025-04-20 10:45:14,d212daf3-b689-40e8-9643-a8b949792097,Connor Fry,Edit Patient Consent,Patient Record,6d467504-38d3-406c-830c-5fdd2f228477,953-134-5808,216.108.86.98,Pharmacy System,False,Unauthorized Access,2025-04-20 10:45:14
f3912c55-24ef-48c9-ad36-2e4982d6e7f1,2025-04-13 07:17:58,deead945-ee6f-4318-83f7-3c84482a29fc,Scott Morris,Download Medical History,Patient Record,b848312f-6fc6-4205-823e-6b64db845e7d,535-257-4542,153.236.196.112,Laboratory System,True,Clinical Care,2025-04-13 07:17:58
a6d6838b-5dbb-4a44-8370-f5c8d3fa406e,2025-04-28 16:24:23,31785a8c-727f-4157-97e4-fab469560461,Scott Mitchell,Edit Patient Consent,Patient Record,19b16505-a219-4cad-9aa8-124be6cf9956,442-624-9945,178.207.81.221,Patient Portal,True,Clinical Care,2025-04-28 16:24:23
a15da25f-6b17-4236-a034-25df78842a9c,2025-04-02 14:40:00,6dc32cc0-0346-4f3a-b289-28b3b4caa228,Dominic Bond,Add Medical Notes,Patient Record,e2472a6c-72a6-4dcb-a9f6-6504e479c364,403-984-6999,70.253.132.197,Electronic Health Record,False,Unauthorized Access,2025-04-02 14:40:00
beb72082-10a8-4d40-85ba-a6e3f6c18693,2025-03-30 05:00:05,1d5e89e7-61ac-4dad-b572-de6a62088f5c,Christopher Kelly,Add Medical Notes,Patient Record,e871ce78-31a5-4507-aefb-448f339c5c5a,936-613-5746,35.2.82.109,Laboratory System,True,Clinical Care,2025-03-30 05:00:05
46fd4aff-7200-4e07-a75d-772a65b43097,2025-04-15 05:47:16,c58dac46-9dc8-480b-8abe-02de65bc6f78,Alexandra Bibi,Prescribe Medication,Patient Record,a805e0c4-6789-4ead-93b2-6bc1581c49cf,979-731-3209,106.2.5.62,Electronic Health Record,False,Unauthorized Access,2025-04-15 05:47:16
008a5380-c06c-4edb-b0ef-0eae1411ee13,2025-04-11 00:47:56,3534af73-6adc-4a69-ba36-641e3aae2b17,Nicole Ford,Prescribe Medication,Patient Record,c8a7815e-ec88-4346-8a11-2340d4678295,802-504-5794,155.89.200.45,Laboratory System,True,Clinical Care,2025-04-11 00:47:56
0b1b1c51-19a7-44de-b293-e9501de579a8,2025-03-31 05:02:25,1d5e89e7-61ac-4dad-b572-de6a62088f5c,Christopher Kelly,Prescribe Medication,Patient Record,147a0962-3165-4e82-a21e-53c85a43be69,627-431-2105,220.200.7.230,Laboratory System,True,Clinical Care,2025-03-31 05:02:25
8ef1e408-f282-4c46-a4e6-ce324379a820,2025-04-24 15:48:13,c58dac46-9dc8-480b-8abe-02de65bc6f78,Alexandra Bibi,Edit Patient Consent,Patient Record,98917065-6b47-421a-8701-63be91fcb974,837-106-8255,108.244.175.110,Patient Portal,True,Clinical Care,2025-04-24 15:48:13
d87a9923-6e90-4d71-af3f-538fa0e05a78,2025-04-03 11:14:34,3534af73-6adc-4a69-ba36-641e3aae2b17,Nicole Ford,Cancel Appointment,Patient Record,a9277a0e-6f47-4b1c-b8fa-5e65a80beef3,517-124-6387,115.123.235.73,Laboratory System,True,Clinical Care,2025-04-03 11:14:34
0caf89b6-138e-4ac4-977b-051d35b28525,2025-04-20 19:43:38,deead945-ee6f-4318-83f7-3c84482a29fc,Scott Morris,Schedule Appointment,Patient Record,6d467504-38d3-406c-830c-5fdd2f228477,953-134-5808,167.196.147.129,Electronic Health Record,True,Clinical Care,2025-04-20 19:43:38
994793b1-3f68-42ba-b2b2-2ef4244948fe,2025-04-01 22:15:36,d212daf3-b689-40e8-9643-a8b949792097,Connor Fry,Download Medical History,Patient Record,1d73fd7d-5c40-4961-a5f8-5dc85cac82b5,802-750-6347,20.69.54.119,Patient Portal,True,Clinical Care,2025-04-01 22:15:36
b6f1ca07-1dd2-4773-96e6-3f962a004875,2025-04-26 04:39:21,db572e88-202c-4988-a12c-607d239df35b,Terence Hopkins,View Patient Record,Patient Record,dd1a2ec2-bd8e-43f5-9356-326b35f5cc1d,543-167-8189,196.23.253.214,Patient Portal,True,Clinical Care,2025-04-26 04:39:21
b18c97a5-15b8-4502-85d8-0a85e0f7d244,2025-04-21 05:50:20,c58dac46-9dc8-480b-8abe-02de65bc6f78,Alexandra Bibi,View Patient Record,Patient Record,ce3a0781-3eb2-47eb-b929-f45341185edf,607-207-6478,205.77.242.65,Patient Portal,True,Clinical Care,2025-04-21 05:50:20
d2d4fea9-ec47-4e7c-b8d4-b709a60e42aa,2025-04-22 14:20:18,c58dac46-9dc8-480b-8abe-02de65bc6f78,Alexandra Bibi,Download Medical History,Patient Record,80bfe1b5-ed64-47d7-b045-f8ccb4a68f29,471-844-7060,213.231.77.23,Laboratory System,True,Clinical Care,2025-04-22 14:20:18
5a69f201-5edb-4f02-aeef-3818e28beb72,2025-04-04 14:58:44,deead945-ee6f-4318-83f7-3c84482a29fc,Scott Morris,Update Patient Demographics,Patient Record,0f425f6d-c4c0-4607-bd61-d941f16b161b,990-245-9238,194.59.200.6,Electronic Health Record,True,Clinical Care,2025-04-04 14:58:44
bf17492e-9fa3-44b3-b82a-e6badec2bf1a,2025-03-31 23:09:43,3534af73-6adc-4a69-ba36-641e3aae2b17,Nicole Ford,Cancel Appointment,Patient Record,fad8cb2b-0ad6-46ae-b117-56c76ef1e1f3,943-228-8963,129.101.144.154,Pharmacy System,False,Unauthorized Access,2025-03-31 23:09:43
7b36cd82-fc21-4072-8804-2c85a6f11e21,2025-04-22 07:08:20,16577a27-da14-481b-88f6-3530ada23ac3,Alison Baker,View Patient Record,Patient Record,80bfe1b5-ed64-47d7-b045-f8ccb4a68f29,471-844-7060,88.236.45.234,Laboratory System,True,Clinical Care,2025-04-22 07:08:20
04499ca4-d0cf-44e4-bf42-bc07282a18e9,2025-04-13 02:16:02,852bcb5e-708f-4d48-96d2-c19d3072a23d,Marilyn Gray,View Test Results,Patient Record,8d420b24-b9f9-4cf8-ad3f-5a60368bcf57,682-761-8128,164.71.34.180,Patient Portal,True,Clinical Care,2025-04-13 02:16:02
979a18de-f4e4-4acf-8573-95ca7cf15820,2025-04-07 07:06:42,deead945-ee6f-4318-83f7-3c84482a29fc,Scott Morris,Schedule Appointment,Patient Record,f53f25d8-9e7a-4334-ad65-44efb2a5751f,624-584-5043,5.193.45.240,Electronic Health Record,True,Clinical Care,2025-04-07 07:06:42
05a2c7a6-80e2-47f6-bd65-c09e5764aac4,2025-04-14 01:25:51,db572e88-202c-4988-a12c-607d239df35b,Terence Hopkins,View Patient Record,Patient Record,93ef1401-f512-4ea9-8cf0-796da79a94e5,566-793-2658,202.99.78.220,Pharmacy System,True,Clinical Care,2025-04-14 01:25:51
db00b23e-9843-497f-ac47-b5df31861f25,2025-04-11 06:52:43,db572e88-202c-4988-a12c-607d239df35b,Terence Hopkins,View Test Results,Patient Record,b513eabe-aada-4ca5-9eac-ce45ad77f35f,410-355-6753,176.146.143.206,Pharmacy System,True,Clinical Care,2025-04-11 06:52:43
44f41974-f118-4571-8f23-aaea28a73e4b,2025-04-05 19:08:12,852bcb5e-708f-4d48-96d2-c19d3072a23d,Marilyn Gray,Prescribe Medication,Patient Record,4280b71e-fbc8-46bc-b3b3-e718e83c9067,556-702-3524,3.173.59.60,Electronic Health Record,True,Clinical Care,2025-04-05 19:08:12
1644d4ad-a435-4401-bcd3-f43eadfe32fc,2025-03-31 15:32:58,16577a27-da14-481b-88f6-3530ada23ac3,Alison Baker,Cancel Appointment,Patient Record,3fdab83c-9f70-4f03-b27b-e1b576d17d90,532-433-8349,4.9.136.183,Laboratory System,True,Clinical Care,2025-03-31 15:32:58
2422886e-422a-474f-8dff-38913df8f2c9,2025-04-20 15:10:43,6dc32cc0-0346-4f3a-b289-28b3b4caa228,Dominic Bond,Cancel Appointment,Patient Record,8ceea46a-0a22-4c19-b71d-faa807ef69b2,941-612-6494,171.6.176.105,Patient Portal,True,Clinical Care,2025-04-20 15:10:43
54dfd778-c25e-43b1-99f9-060e749c98b7,2025-04-06 19:31:51,d212daf3-b689-40e8-9643-a8b949792097,Connor Fry,Prescribe Medication,Patient Record,32cdf292-b73e-4442-844b-9b59778adf43,512-947-8963,19.236.47.199,Electronic Health Record,True,Clinical Care,2025-04-06 19:31:51
68bf32cd-f04b-4a42-9eb3-6ba6615d7ce3,2025-03-30 18:06:39,deead945-ee6f-4318-83f7-3c84482a29fc,Scott Morris,View Test Results,Patient Record,6d467504-38d3-406c-830c-5fdd2f228477,953-134-5808,77.194.100.208,Patient Portal,True,Clinical Care,2025-03-30 18:06:39
ef311bfe-f413-4089-9aa6-79cdf6cafb89,2025-04-19 13:51:16,3534af73-6adc-4a69-ba36-641e3aae2b17,Nicole Ford,Download Medical History,Patient Record,78f789ff-61b5-4fca-ac48-679f127ca233,666-984-5704,213.217.210.163,Patient Portal,True,Clinical Care,2025-04-19 13:51:16
4c43756d-8f96-4b20-a195-c7ee65c10ef0,2025-04-20 21:05:44,db572e88-202c-4988-a12c-607d239df35b,Terence Hopkins,View Patient Record,Patient Record,70a738dc-5ba0-410d-895c-d9e5598ffa76,750-430-6911,212.236.208.8,Electronic Health Record,True,Clinical Care,2025-04-20 21:05:44
22e5cf6a-8b53-4d06-89e3-7521e4ddbd2f,2025-04-20 08:16:02,c58dac46-9dc8-480b-8abe-02de65bc6f78,Alexandra Bibi,View Test Results,Patient Record,339030b0-af09-44bc-9dfa-b22f28ea8f60,470-884-5103,59.83.219.189,Laboratory System,True,Clinical Care,2025-04-20 08:16:02
bd253713-90fd-451b-ab5e-9f2248adcc3a,2025-04-13 07:15:07,deead945-ee6f-4318-83f7-3c84482a29fc,Scott Morris,Cancel Appointment,Patient Record,8c5c0818-9a0c-4088-8337-c5e43959e9dc,670-105-3101,130.25.213.151,Patient Portal,True,Clinical Care,2025-04-13 07:15:07
4d52e7a5-731d-427e-a73d-4ba89455d06a,2025-04-04 07:04:09,1d5e89e7-61ac-4dad-b572-de6a62088f5c,Christopher Kelly,Update Patient Demographics,Patient Record,fab22935-9944-494a-94cf-12234cc5a295,629-319-7909,134.64.157.204,Electronic Health Record,True,Clinical Care,2025-04-04 07:04:09
7a4a6e2a-2e85-4c4b-b676-5c7fbeb078bf,2025-04-13 19:25:00,deead945-ee6f-4318-83f7-3c84482a29fc,Scott Morris,Update Patient Demographics,Patient Record,b8252e98-c9ea-43b5-89b5-a1204dcc1cb9,952-371-6194,8.38.157.104,Laboratory System,True,Clinical Care,2025-04-13 19:25:00
b615feda-4349-45b8-b98f-aa206eccd79e,2025-04-27 17:38:39,d212daf3-b689-40e8-9643-a8b949792097,Connor Fry,Cancel Appointment,Patient Record,95e2bebb-7a7e-487c-9010-782f8e9c414c,907-826-8139,54.56.192.78,Pharmacy System,True,Clinical Care,2025-04-27 17:38:39
3be88e4a-a7f3-4651-920d-da3c6b3392f9,2025-04-09 00:26:41,deead945-ee6f-4318-83f7-3c84482a29fc,Scott Morris,View Patient Record,Patient Record,147a0962-3165-4e82-a21e-53c85a43be69,627-431-2105,94.98.133.54,Electronic Health Record,True,Clinical Care,2025-04-09 00:26:41
3b68df15-3a9a-48d6-838f-f3f3fb798fe9,2025-04-22 08:20:53,16577a27-da14-481b-88f6-3530ada23ac3,Alison Baker,View Test Results,Patient Record,bac24752-5b8d-4b2c-b99e-fcb747c29f3c,939-597-9635,104.192.108.63,Patient Portal,True,Clinical Care,2025-04-22 08:20:53
a6582cf3-2777-428a-aaeb-5aa6967500f6,2025-04-16 09:59:51,6dc32cc0-0346-4f3a-b289-28b3b4caa228,Dominic Bond,Update Patient Demographics,Patient Record,339030b0-af09-44bc-9dfa-b22f28ea8f60,470-884-5103,221.80.154.46,Electronic Health Record,True,Clinical Care,2025-04-16 09:59:51
fe0bbb1b-63fc-4d37-933b-2921d48f35a8,2025-03-31 04:38:49,852bcb5e-708f-4d48-96d2-c19d3072a23d,Marilyn Gray,Cancel Appointment,Patient Record,a9277a0e-6f47-4b1c-b8fa-5e65a80beef3,517-124-6387,32.219.176.86,Laboratory System,True,Clinical Care,2025-03-31 04:38:49
c97e01a1-1303-4948-bb8b-3b66efbcd2c7,2025-04-19 23:16:25,31785a8c-727f-4157-97e4-fab469560461,Scott Mitchell,Edit Patient Consent,Patient Record,ecb7dfb6-8a00-49c6-b09c-b658c00a253b,835-801-2314,95.177.10.32,Electronic Health Record,True,Clinical Care,2025-04-19 23:16:25
15d6b733-0fc1-4262-943b-39938066190e,2025-04-26 03:19:56,c58dac46-9dc8-480b-8abe-02de65bc6f78,Alexandra Bibi,Prescribe Medication,Patient Record,879739e9-29bf-4a55-bc82-584d69216fda,645-419-1165,97.129.148.45,Laboratory System,True,Clinical Care,2025-04-26 03:19:56
e181b313-e99b-49c0-a267-da8bb467a236,2025-04-04 14:15:49,31785a8c-727f-4157-97e4-fab469560461,Scott Mitchell,Update Patient Demographics,Patient Record,2a5e0544-f7bb-4f32-8117-351224171333,912-669-3119,97.61.248.11,Laboratory System,True,Clinical Care,2025-04-04 14:15:49
ee24e0cb-9624-4e9b-b061-7512d94a2160,2025-04-21 00:50:59,db572e88-202c-4988-a12c-607d239df35b,Terence Hopkins,Add Medical Notes,Patient Record,f01ec28a-6a64-4dac-8b89-32f46c927de4,861-781-2105,130.18.115.166,Electronic Health Record,True,Clinical Care,2025-04-21 00:50:59
40781a77-e481-4115-92fd-bbc12bc5e383,2025-04-04 12:58:38,3534af73-6adc-4a69-ba36-641e3aae2b17,Nicole Ford,Add Medical Notes,Patient Record,0c7248ff-d32d-477a-8dbb-e2d46a579f98,814-462-1926,148.82.7.157,Patient Portal,False,Unauthorized Access,2025-04-04 12:58:38
3ff8ba8f-452f-4f31-8173-6d0e76ef9e12,2025-04-09 22:47:37,db572e88-202c-4988-a12c-607d239df35b,Terence Hopkins,Add Medical Notes,Patient Record,33218d4d-db1b-461e-95b6-b27c7fb9d96b,557-566-9290,199.94.118.107,Pharmacy System,True,Clinical Care,2025-04-09 22:47:37
042d1e48-d8f7-4280-8b68-7a500a9612df,2025-04-05 13:01:31,c58dac46-9dc8-480b-8abe-02de65bc6f78,Alexandra Bibi,Prescribe Medication,Patient Record,ebaedcab-2a1f-4501-bd47-6f836abcb6d6,626-883-8548,153.220.88.123,Pharmacy System,True,Clinical Care,2025-04-05 13:01:31
69f7ec1f-0f7a-41a9-9142-b7d5c88ca2fe,2025-04-14 11:10:18,6dc32cc0-0346-4f3a-b289-28b3b4caa228,Dominic Bond,Update Patient Demographics,Patient Record,fab22935-9944-494a-94cf-12234cc5a295,629-319-7909,73.85.10.121,Laboratory System,True,Clinical Care,2025-04-14 11:10:18
147ff27c-bb4c-4102-ac00-d0e6b10870a4,2025-04-19 13:36:31,31785a8c-727f-4157-97e4-fab469560461,Scott Mitchell,Add Medical Notes,Patient Record,e871ce78-31a5-4507-aefb-448f339c5c5a,936-613-5746,112.59.6.115,Patient Portal,True,Clinical Care,2025-04-19 13:36:31
a4259247-b930-4520-9d15-964ca8c35b3f,2025-04-22 16:33:10,d212daf3-b689-40e8-9643-a8b949792097,Connor Fry,Add Medical Notes,Patient Record,70a738dc-5ba0-410d-895c-d9e5598ffa76,750-430-6911,65.228.237.8,Laboratory System,True,Clinical Care,2025-04-22 16:33:10
8e26e352-7525-4bad-8b83-2244c3d8ef1c,2025-04-02 03:13:02,6dc32cc0-0346-4f3a-b289-28b3b4caa228,Dominic Bond,View Test Results,Patient Record,bac24752-5b8d-4b2c-b99e-fcb747c29f3c,939-597-9635,39.75.161.154,Pharmacy System,False,Unauthorized Access,2025-04-02 03:13:02
ccad8286-5cd3-4ece-a0da-13316bd0e0f1,2025-04-26 11:15:39,db572e88-202c-4988-a12c-607d239df35b,Terence Hopkins,Edit Patient Consent,Patient Record,ecc6fe52-9d8a-4d71-b891-9618978d4b29,905-314-9993,137.180.163.244,Pharmacy System,True,Clinical Care,2025-04-26 11:15:39
4f4a67d4-6ac6-4f3f-a38e-d0c9d6e9d490,2025-04-12 11:31:58,deead945-ee6f-4318-83f7-3c84482a29fc,Scott Morris,Schedule Appointment,Patient Record,03ba2dd1-63a6-4392-b710-7eded646d851,543-749-8869,142.249.18.65,Patient Portal,True,Clinical Care,2025-04-12 11:31:58
b8a28b1c-442e-4e00-b846-e1cfd8a0fcfd,2025-03-30 19:54:18,31785a8c-727f-4157-97e4-fab469560461,Scott Mitchell,Download Medical History,Patient Record,150a1e8e-8810-49a2-95aa-7ad143242b63,429-196-5591,12.118.32.196,Electronic Health Record,True,Clinical Care,2025-03-30 19:54:18
295cd5ac-baf4-45b0-8597-07bc1ace9fc5,2025-04-09 06:57:11,852bcb5e-708f-4d48-96d2-c19d3072a23d,Marilyn Gray,Edit Patient Consent,Patient Record,147a0962-3165-4e82-a21e-53c85a43be69,627-431-2105,169.128.237.41,Electronic Health Record,True,Clinical Care,2025-04-09 06:57:11
cf735ad2-454e-48a1-897b-d8e778881f10,2025-04-27 08:10:30,852bcb5e-708f-4d48-96d2-c19d3072a23d,Marilyn Gray,Edit Patient Consent,Patient Record,03ba2dd1-63a6-4392-b710-7eded646d851,543-749-8869,99.205.206.244,Patient Portal,True,Clinical Care,2025-04-27 08:10:30
24508965-63d5-4679-b7e1-13906fb6988b,2025-04-08 11:11:25,db572e88-202c-4988-a12c-607d239df35b,Terence Hopkins,View Test Results,Patient Record,7d56f4b9-eb3e-4bcb-a458-5f8eca805cde,704-446-7369,134.164.114.39,Laboratory System,True,Clinical Care,2025-04-08 11:11:25
e5b9ee4c-b647-470f-a4d1-df7eb15e1537,2025-04-25 23:21:58,db572e88-202c-4988-a12c-607d239df35b,Terence Hopkins,Schedule Appointment,Patient Record,a92961e0-0732-447d-80c5-cc552d1b403f,590-373-6650,51.205.52.149,Pharmacy System,True,Clinical Care,2025-04-25 23:21:58
13c157f0-1c4b-4438-bc0f-75eda346b9c5,2025-04-25 19:06:43,852bcb5e-708f-4d48-96d2-c19d3072a23d,Marilyn Gray,Add Medical Notes,Patient Record,9703dd32-a950-48d9-8f82-5ac5a049437a,991-263-4191,40.90.46.175,Patient Portal,True,Clinical Care,2025-04-25 19:06:43
b13fbfb1-3647-461c-a5ab-eabb78a1d93a,2025-03-30 19:50:53,deead945-ee6f-4318-83f7-3c84482a29fc,Scott Morris,Prescribe Medication,Patient Record,6ed951ac-6155-4cdf-b807-852b5be62bef,710-725-9305,20.35.79.211,Patient Portal,True,Clinical Care,2025-03-30 19:50:53
f8ba331c-2fd0-4664-bcd5-795d5e9ff954,2025-04-05 10:44:25,16577a27-da14-481b-88f6-3530ada23ac3,Alison Baker,Cancel Appointment,Patient Record,147a0962-3165-4e82-a21e-53c85a43be69,627-431-2105,138.3.93.93,Laboratory System,True,Clinical Care,2025-04-05 10:44:25
97c16309-fb6a-4afa-ace7-560c70b61389,2025-04-17 07:43:32,deead945-ee6f-4318-83f7-3c84482a29fc,Scott Morris,Update Patient Demographics,Patient Record,70839217-205f-47b5-8b05-0de7cc30fae0,905-267-5000,63.198.26.74,Laboratory System,True,Clinical Care,2025-04-17 07:43:32
f13bfae2-a8eb-42a2-8216-63a1b1595d2f,2025-03-30 19:27:53,c58dac46-9dc8-480b-8abe-02de65bc6f78,Alexandra Bibi,Cancel Appointment,Patient Record,e0f7c894-06fe-4e90-97d2-f81ea30515a7,816-755-5709,150.19.208.94,Pharmacy System,True,Clinical Care,2025-03-30 19:27:53
60688bdb-9199-44b1-962d-d754632341d8,2025-04-10 02:57:15,deead945-ee6f-4318-83f7-3c84482a29fc,Scott Morris,View Test Results,Patient Record,7d56f4b9-eb3e-4bcb-a458-5f8eca805cde,704-446-7369,104.154.154.14,Electronic Health Record,True,Clinical Care,2025-04-10 02:57:15
86bcc8a9-85ac-43c7-b9db-4a91fafe56b6,2025-04-01 08:37:38,16577a27-da14-481b-88f6-3530ada23ac3,Alison Baker,Schedule Appointment,Patient Record,03384811-f9b0-438f-a953-ce1a17f8848d,679-390-8932,17.131.165.34,Electronic Health Record,True,Clinical Care,2025-04-01 08:37:38
cdf53b82-e7cf-4021-b0d4-213d0d142cf9,2025-04-03 16:04:57,c58dac46-9dc8-480b-8abe-02de65bc6f78,Alexandra Bibi,Cancel Appointment,Patient Record,8b53fba5-75e8-4e1f-ad89-57d58d823ea7,701-460-3625,157.112.169.30,Patient Portal,True,Clinical Care,2025-04-03 16:04:57
e4908cc0-a1af-44b3-b8c5-8c10cfda3943,2025-04-18 07:03:52,3534af73-6adc-4a69-ba36-641e3aae2b17,Nicole Ford,Cancel Appointment,Patient Record,f7215183-e5e4-4f7a-9cc0-2d92f586eca4,504-690-6546,213.210.8.180,Electronic Health Record,True,Clinical Care,2025-04-18 07:03:52
530d5de7-3790-4c08-aea6-d8a6f21e1c7d,2025-04-07 21:55:45,d212daf3-b689-40e8-9643-a8b949792097,Connor Fry,Update Patient Demographics,Patient Record,2a5e0544-f7bb-4f32-8117-351224171333,912-669-3119,74.157.95.61,Electronic Health Record,True,Clinical Care,2025-04-07 21:55:45
4aca3c36-3ce0-477a-9819-544dc97d4112,2025-04-12 05:08:23,3534af73-6adc-4a69-ba36-641e3aae2b17,Nicole Ford,Add Medical Notes,Patient Record,d6aad68a-e224-49ea-adfe-869aa130e926,802-273-5451,28.79.147.189,Pharmacy System,False,Unauthorized Access,2025-04-12 05:08:23
498a2e64-f4a3-4b32-89d1-b68688cf833a,2025-04-20 16:55:58,852bcb5e-708f-4d48-96d2-c19d3072a23d,Marilyn Gray,Update Patient Demographics,Patient Record,80bfe1b5-ed64-47d7-b045-f8ccb4a68f29,471-844-7060,121.150.42.239,Pharmacy System,True,Clinical Care,2025-04-20 16:55:58
38f7f800-8d8e-4a70-80a9-fd4c03156434,2025-04-11 17:30:28,31785a8c-727f-4157-97e4-fab469560461,Scott Mitchell,View Test Results,Patient Record,e904b45b-d601-4977-8d95-878026b1601d,539-908-3399,178.52.98.109,Electronic Health Record,True,Clinical Care,2025-04-11 17:30:28
054efef5-c43d-41eb-a79c-4b659aad46e3,2025-04-16 09:24:35,d212daf3-b689-40e8-9643-a8b949792097,Connor Fry,View Test Results,Patient Record,cba77cdd-2d55-46db-bbe5-3f4794d9d2a3,970-526-9424,16.127.18.203,Electronic Health Record,True,Clinical Care,2025-04-16 09:24:35
5b6db1b4-d92d-4fd6-b4a3-70b70a87c3be,2025-04-13 16:20:48,deead945-ee6f-4318-83f7-3c84482a29fc,Scott Morris,View Test Results,Patient Record,75a3960e-95a2-4287-9d9b-e5448a3f150a,414-624-1120,160.4.62.86,Laboratory System,True,Clinical Care,2025-04-13 16:20:48
a1514586-23d1-4fe6-8fe1-badb6c28a5ac,2025-04-15 18:29:44,6dc32cc0-0346-4f3a-b289-28b3b4caa228,Dominic Bond,Update Patient Demographics,Patient Record,97e7c0d6-1b61-40a5-a925-ef267ec011c3,409-421-5285,201.185.130.74,Pharmacy System,True,Clinical Care,2025-04-15 18:29:44
5d0eb515-8ba5-4b50-9fcc-84f99c7c27d8,2025-04-09 22:38:26,deead945-ee6f-4318-83f7-3c84482a29fc,Scott Morris,Update Patient Demographics,Patient Record,70839217-205f-47b5-8b05-0de7cc30fae0,905-267-5000,46.161.216.178,Laboratory System,True,Clinical Care,2025-04-09 22:38:26
8078d8c8-e0a4-4ed5-b07c-0be7f4781114,2025-04-11 08:35:36,db572e88-202c-4988-a12c-607d239df35b,Terence Hopkins,View Test Results,Patient Record,19b16505-a219-4cad-9aa8-124be6cf9956,442-624-9945,74.65.230.125,Pharmacy System,True,Clinical Care,2025-04-11 08:35:36
61b3256a-aabc-473f-9a29-f49455bc9374,2025-04-23 08:55:25,6dc32cc0-0346-4f3a-b289-28b3b4caa228,Dominic Bond,View Patient Record,Patient Record,fab22935-9944-494a-94cf-12234cc5a295,629-319-7909,16.194.251.171,Electronic Health Record,True,Clinical Care,2025-04-23 08:55:25
02580303-0791-40af-891c-2e5642a0f56d,2025-04-23 11:43:28,d212daf3-b689-40e8-9643-a8b949792097,Connor Fry,Prescribe Medication,Patient Record,1ca4e515-f9fa-4934-af6d-004fbbdf6ca5,944-234-4113,195.9.174.67,Laboratory System,True,Clinical Care,2025-04-23 11:43:28
b60f1063-7898-4010-b186-e1ec144b502c,2025-04-03 22:43:40,6dc32cc0-0346-4f3a-b289-28b3b4caa228,Dominic Bond,View Patient Record,Patient Record,8ceea46a-0a22-4c19-b71d-faa807ef69b2,941-612-6494,16.234.104.64,Pharmacy System,True,Clinical Care,2025-04-03 22:43:40
10e72b44-b24b-42a2-89ec-74f133f4b2b1,2025-04-19 17:56:57,db572e88-202c-4988-a12c-607d239df35b,Terence Hopkins,Update Patient Demographics,Patient Record,b6e682e9-d7dd-4cd9-bb7d-1bc2b2e34b8c,768-737-9557,130.193.44.66,Laboratory System,True,Clinical Care,2025-04-19 17:56:57
957487e8-ccc9-4487-ba47-b5dd41cacdd7,2025-04-01 04:01:42,31785a8c-727f-4157-97e4-fab469560461,Scott Mitchell,View Patient Record,Patient Record,95e2bebb-7a7e-487c-9010-782f8e9c414c,907-826-8139,179.149.114.198,Pharmacy System,True,Clinical Care,2025-04-01 04:01:42
bfc2ecef-7b2c-4750-a171-41b854cbeec4,2025-04-08 18:36:32,16577a27-da14-481b-88f6-3530ada23ac3,Alison Baker,Prescribe Medication,Patient Record,c1a3f283-5074-4f00-ba82-0f161ddd02ae,923-425-3905,212.87.185.45,Electronic Health Record,True,Clinical Care,2025-04-08 18:36:32
2bf96bcc-ff5e-4b21-b5da-dee768823fd2,2025-04-15 05:12:35,6dc32cc0-0346-4f3a-b289-28b3b4caa228,Dominic Bond,View Patient Record,Patient Record,f7215183-e5e4-4f7a-9cc0-2d92f586eca4,504-690-6546,27.164.153.235,Electronic Health Record,True,Clinical Care,2025-04-15 05:12:35
ec283399-30d8-4264-8d5c-5642158db227,2025-04-08 06:34:53,d212daf3-b689-40e8-9643-a8b949792097,Connor Fry,Schedule Appointment,Patient Record,cba77cdd-2d55-46db-bbe5-3f4794d9d2a3,970-526-9424,118.30.157.183,Pharmacy System,True,Clinical Care,2025-04-08 06:34:53
80ecbc48-d24f-4568-9da7-831c139c78ee,2025-04-12 16:59:57,d212daf3-b689-40e8-9643-a8b949792097,Connor Fry,Cancel Appointment,Patient Record,95e2bebb-7a7e-487c-9010-782f8e9c414c,907-826-8139,193.48.56.242,Electronic Health Record,True,Clinical Care,2025-04-12 16:59:57
ec853e69-4c37-4ede-8adc-d5b322b1b956,2025-04-24 03:25:36,1d5e89e7-61ac-4dad-b572-de6a62088f5c,Christopher Kelly,Add Medical Notes,Patient Record,ce3a0781-3eb2-47eb-b929-f45341185edf,607-207-6478,201.253.92.202,Pharmacy System,True,Clinical Care,2025-04-24 03:25:36
e1fa6bd9-a34f-43d9-b548-50d52887ee55,2025-04-07 18:01:53,c58dac46-9dc8-480b-8abe-02de65bc6f78,Alexandra Bibi,View Test Results,Patient Record,8d420b24-b9f9-4cf8-ad3f-5a60368bcf57,682-761-8128,208.99.93.44,Pharmacy System,True,Clinical Care,2025-04-07 18:01:53
12ed6992-6fc1-49f1-ad59-9b276f2c87b2,2025-04-08 06:51:14,852bcb5e-708f-4d48-96d2-c19d3072a23d,Marilyn Gray,Add Medical Notes,Patient Record,e0f7c894-06fe-4e90-97d2-f81ea30515a7,816-755-5709,65.84.153.104,Pharmacy System,True,Clinical Care,2025-04-08 06:51:14
e7e5e3ed-547c-4bf2-8215-c9bafe386a36,2025-04-22 01:32:40,852bcb5e-708f-4d48-96d2-c19d3072a23d,Marilyn Gray,Prescribe Medication,Patient Record,f53f25d8-9e7a-4334-ad65-44efb2a5751f,624-584-5043,25.192.99.242,Laboratory System,True,Clinical Care,2025-04-22 01:32:40
629056fd-8973-480c-b298-f6fa07310715,2025-04-02 05:51:06,d212daf3-b689-40e8-9643-a8b949792097,Connor Fry,Download Medical History,Patient Record,70a738dc-5ba0-410d-895c-d9e5598ffa76,750-430-6911,164.246.134.188,Pharmacy System,True,Clinical Care,2025-04-02 05:51:06
1104405e-a40f-4fe8-a350-e0112e5f68fa,2025-04-09 02:45:09,db572e88-202c-4988-a12c-607d239df35b,Terence Hopkins,Cancel Appointment,Patient Record,bac24752-5b8d-4b2c-b99e-fcb747c29f3c,939-597-9635,161.110.92.49,Patient Portal,True,Clinical Care,2025-04-09 02:45:09
44a27083-91c3-475b-9516-55a0d00a28d0,2025-04-17 20:43:54,852bcb5e-708f-4d48-96d2-c19d3072a23d,Marilyn Gray,View Test Results,Patient Record,0b7faa3c-756f-4780-bcf0-eed10652863a,752-276-5224,201.157.173.60,Pharmacy System,True,Clinical Care,2025-04-17 20:43:54
5565dd7f-aa76-48a2-bed6-5bd53db62e63,2025-04-16 17:49:13,deead945-ee6f-4318-83f7-3c84482a29fc,Scott Morris,Update Patient Demographics,Patient Record,a63e6b11-b516-4f6c-b0a8-b954497ce8c3,621-532-2805,138.108.160.77,Patient Portal,True,Clinical Care,2025-04-16 17:49:13
9af17655-9bca-4444-aca8-fe85a5e42159,2025-04-25 06:47:45,d212daf3-b689-40e8-9643-a8b949792097,Connor Fry,Edit Patient Consent,Patient Record,6d121daf-13ec-4759-9116-2c2279a500fe,703-249-2075,55.56.25.143,Laboratory System,False,Unauthorized Access,2025-04-25 06:47:45
45a45fcc-966a-4b8c-be26-17f3150d5e42,2025-04-20 04:42:39,852bcb5e-708f-4d48-96d2-c19d3072a23d,Marilyn Gray,Prescribe Medication,Patient Record,98917065-6b47-421a-8701-63be91fcb974,837-106-8255,59.101.101.173,Electronic Health Record,True,Clinical Care,2025-04-20 04:42:39
70b1e224-2faa-4faf-9e98-885b66075684,2025-04-18 00:09:59,db572e88-202c-4988-a12c-607d239df35b,Terence Hopkins,Schedule Appointment,Patient Record,80944f9e-3c09-4e4a-b75a-227391c8e7d0,529-727-9492,153.199.36.58,Pharmacy System,True,Clinical Care,2025-04-18 00:09:59
100eee81-0e0e-4f1c-82b3-a6b846b5dd14,2025-04-08 01:56:38,31785a8c-727f-4157-97e4-fab469560461,Scott Mitchell,View Test Results,Patient Record,8fdffaa7-98c6-4b98-8a67-779d37376e2a,440-509-9560,199.134.108.123,Patient Portal,True,Clinical Care,2025-04-08 01:56:38
a81c06b0-360a-414f-a0db-bbeef9ef8757,2025-03-31 09:59:36,c58dac46-9dc8-480b-8abe-02de65bc6f78,Alexandra Bibi,Schedule Appointment,Patient Record,d6aad68a-e224-49ea-adfe-869aa130e926,802-273-5451,90.49.184.186,Laboratory System,True,Clinical Care,2025-03-31 09:59:36
cde5800c-9ef8-4550-bbd4-1ca1a15e6408,2025-04-02 05:59:38,6dc32cc0-0346-4f3a-b289-28b3b4caa228,Dominic Bond,Update Patient Demographics,Patient Record,82237a28-9f41-4f2c-9821-47858ff7120b,794-381-2971,9.73.148.21,Electronic Health Record,True,Clinical Care,2025-04-02 05:59:38
5c25a790-4761-4d34-b17c-bf1fb6f962d1,2025-04-26 04:11:26,c58dac46-9dc8-480b-8abe-02de65bc6f78,Alexandra Bibi,Download Medical History,Patient Record,4bf1a14b-41b1-4ac5-b8f0-a5f8aac0ade9,955-943-6161,162.114.192.25,Pharmacy System,False,Unauthorized Access,2025-04-26 04:11:26
d6eee0cb-6ac4-4278-8873-46eef1d0abc9,2025-04-15 19:45:52,852bcb5e-708f-4d48-96d2-c19d3072a23d,Marilyn Gray,View Test Results,Patient Record,1ca4e515-f9fa-4934-af6d-004fbbdf6ca5,944-234-4113,108.92.236.191,Patient Portal,True,Clinical Care,2025-04-15 19:45:52
8de0110d-cb56-4cd9-909c-8023622d85f0,2025-04-02 11:17:28,db572e88-202c-4988-a12c-607d239df35b,Terence Hopkins,Prescribe Medication,Patient Record,ce3a0781-3eb2-47eb-b929-f45341185edf,607-207-6478,83.203.113.79,Pharmacy System,True,Clinical Care,2025-04-02 11:17:28
d8c57fc6-5532-40b7-bab9-011fc51e1448,2025-04-26 11:16:58,deead945-ee6f-4318-83f7-3c84482a29fc,Scott Morris,Update Patient Demographics,Patient Record,4a0c584f-b8f2-4932-9e92-9b7c9fa794a3,876-488-6762,137.113.89.152,Pharmacy System,False,Unauthorized Access,2025-04-26 11:16:58
86f9f88f-6f14-4e90-8b95-61b268f01609,2025-04-27 04:52:34,d212daf3-b689-40e8-9643-a8b949792097,Connor Fry,Download Medical History,Patient Record,70839217-205f-47b5-8b05-0de7cc30fae0,905-267-5000,183.163.116.131,Laboratory System,True,Clinical Care,2025-04-27 04:52:34
7b6f8c36-47f9-4359-abac-e227d05ed265,2025-04-01 13:23:35,db572e88-202c-4988-a12c-607d239df35b,Terence Hopkins,Edit Patient Consent,Patient Record,d6aad68a-e224-49ea-adfe-869aa130e926,802-273-5451,156.184.57.245,Electronic Health Record,True,Clinical Care,2025-04-01 13:23:35
e4e32d14-b9a1-4db2-ab99-93395129e344,2025-04-04 03:47:40,6dc32cc0-0346-4f3a-b289-28b3b4caa228,Dominic Bond,Update Patient Demographics,Patient Record,2a5e0544-f7bb-4f32-8117-351224171333,912-669-3119,96.207.74.93,Laboratory System,True,Clinical Care,2025-04-04 03:47:40
19e3f522-3565-48e1-b696-829025ecc0a2,2025-04-12 16:06:57,16577a27-da14-481b-88f6-3530ada23ac3,Alison Baker,View Patient Record,Patient Record,0f425f6d-c4c0-4607-bd61-d941f16b161b,990-245-9238,6.86.20.32,Laboratory System,True,Clinical Care,2025-04-12 16:06:57
db277eb0-85ca-4672-9b5d-4069575e2741,2025-04-27 21:37:59,deead945-ee6f-4318-83f7-3c84482a29fc,Scott Morris,Edit Patient Consent,Patient Record,4c71d579-25ac-4f72-b0ea-23e23a556292,637-766-9279,202.5.86.126,Pharmacy System,True,Clinical Care,2025-04-27 21:37:59
a83f6e6d-51c1-4128-871f-e4abbd2d37fe,2025-04-20 21:35:20,31785a8c-727f-4157-97e4-fab469560461,Scott Mitchell,Add Medical Notes,Patient Record,147a0962-3165-4e82-a21e-53c85a43be69,627-431-2105,108.190.197.2,Laboratory System,True,Clinical Care,2025-04-20 21:35:20
92277f81-934c-46be-8a62-ed2a9362e202,2025-04-09 09:06:09,db572e88-202c-4988-a12c-607d239df35b,Terence Hopkins,Edit Patient Consent,Patient Record,8ceea46a-0a22-4c19-b71d-faa807ef69b2,941-612-6494,133.110.217.195,Laboratory System,True,Clinical Care,2025-04-09 09:06:09
f6064b2b-009b-4fc5-abe9-79520267e229,2025-04-08 11:03:06,c58dac46-9dc8-480b-8abe-02de65bc6f78,Alexandra Bibi,Download Medical History,Patient Record,e2472a6c-72a6-4dcb-a9f6-6504e479c364,403-984-6999,209.6.134.158,Pharmacy System,True,Clinical Care,2025-04-08 11:03:06
a55a55c1-9628-4fb4-a4c0-da902585af22,2025-04-22 13:42:40,db572e88-202c-4988-a12c-607d239df35b,Terence Hopkins,Prescribe Medication,Patient Record,03ba2dd1-63a6-4392-b710-7eded646d851,543-749-8869,13.50.86.235,Pharmacy System,True,Clinical Care,2025-04-22 13:42:40
b6ad0a4b-4aa5-4561-b1c4-826c403061df,2025-03-31 17:29:24,3534af73-6adc-4a69-ba36-641e3aae2b17,Nicole Ford,Update Patient Demographics,Patient Record,03ba2dd1-63a6-4392-b710-7eded646d851,543-749-8869,92.19.200.157,Patient Portal,True,Clinical Care,2025-03-31 17:29:24
b96c8d06-b382-419d-b717-47653a28e702,2025-04-05 15:26:15,16577a27-da14-481b-88f6-3530ada23ac3,Alison Baker,Cancel Appointment,Patient Record,1d73fd7d-5c40-4961-a5f8-5dc85cac82b5,802-750-6347,49.6.73.6,Patient Portal,True,Clinical Care,2025-04-05 15:26:15
9c24d1f7-3faa-40ed-8d4b-5692b282c691,2025-04-12 13:50:23,31785a8c-727f-4157-97e4-fab469560461,Scott Mitchell,View Patient Record,Patient Record,75a3960e-95a2-4287-9d9b-e5448a3f150a,414-624-1120,148.133.56.86,Patient Portal,False,Unauthorized Access,2025-04-12 13:50:23
39f47ee0-8d45-4350-b89f-e0e0f97baaea,2025-04-08 13:03:33,db572e88-202c-4988-a12c-607d239df35b,Terence Hopkins,Cancel Appointment,Patient Record,e2472a6c-72a6-4dcb-a9f6-6504e479c364,403-984-6999,63.233.35.209,Patient Portal,True,Clinical Care,2025-04-08 13:03:33
1399300c-3bf7-4644-acf2-780d88654076,2025-03-30 03:35:04,db572e88-202c-4988-a12c-607d239df35b,Terence Hopkins,Schedule Appointment,Patient Record,0b7faa3c-756f-4780-bcf0-eed10652863a,752-276-5224,190.163.30.43,Pharmacy System,True,Clinical Care,2025-03-30 03:35:04
e2b732e8-854d-48b4-8aa1-6e6108087bd4,2025-04-06 23:15:37,db572e88-202c-4988-a12c-607d239df35b,Terence Hopkins,View Patient Record,Patient Record,a63e6b11-b516-4f6c-b0a8-b954497ce8c3,621-532-2805,221.111.101.196,Laboratory System,False,Unauthorized Access,2025-04-06 23:15:37
5673cde9-f59a-4b25-b459-2557549e35f0,2025-04-09 08:58:27,db572e88-202c-4988-a12c-607d239df35b,Terence Hopkins,View Test Results,Patient Record,b8252e98-c9ea-43b5-89b5-a1204dcc1cb9,952-371-6194,209.235.27.161,Patient Portal,True,Clinical Care,2025-04-09 08:58:27
eb65a999-6bd1-4fc0-993c-0906415c691c,2025-04-10 11:46:03,1d5e89e7-61ac-4dad-b572-de6a62088f5c,Christopher Kelly,View Test Results,Patient Record,97e7c0d6-1b61-40a5-a925-ef267ec011c3,409-421-5285,105.183.84.120,Laboratory System,True,Clinical Care,2025-04-10 11:46:03
e7ecdbd5-29c4-4537-bdbc-298961d01c1d,2025-04-07 15:55:23,d212daf3-b689-40e8-9643-a8b949792097,Connor Fry,View Patient Record,Patient Record,16230566-bd53-4eb3-af8f-5ef5fa0df7b5,956-158-5977,27.239.98.213,Patient Portal,True,Clinical Care,2025-04-07 15:55:23
a1d8faf2-192a-40b7-980d-7c8e81fef269,2025-04-10 12:25:58,1d5e89e7-61ac-4dad-b572-de6a62088f5c,Christopher Kelly,Update Patient Demographics,Patient Record,75a3960e-95a2-4287-9d9b-e5448a3f150a,414-624-1120,3.53.147.203,Pharmacy System,True,Clinical Care,2025-04-10 12:25:58
5e42da53-8850-4ce0-8e09-3ea7dcff8d20,2025-04-28 08:58:17,db572e88-202c-4988-a12c-607d239df35b,Terence Hopkins,Update Patient Demographics,Patient Record,a9277a0e-6f47-4b1c-b8fa-5e65a80beef3,517-124-6387,107.156.88.255,Pharmacy System,True,Clinical Care,2025-04-28 08:58:17
6d9e072e-dfb7-4382-ac92-538f58855bd7,2025-04-12 17:11:15,deead945-ee6f-4318-83f7-3c84482a29fc,Scott Morris,Prescribe Medication,Patient Record,339030b0-af09-44bc-9dfa-b22f28ea8f60,470-884-5103,5.225.18.121,Laboratory System,True,Clinical Care,2025-04-12 17:11:15
cc0dd4ec-d57c-48e8-a34b-4823bb6a3eed,2025-04-17 23:35:29,d212daf3-b689-40e8-9643-a8b949792097,Connor Fry,Download Medical History,Patient Record,a356986c-519c-42f0-9ba6-bd7e02da641a,555-624-6178,98.220.149.105,Pharmacy System,True,Clinical Care,2025-04-17 23:35:29
e2ddadc1-beff-427e-9d9c-429310c8f97b,2025-04-24 09:10:46,16577a27-da14-481b-88f6-3530ada23ac3,Alison Baker,Schedule Appointment,Patient Record,6d467504-38d3-406c-830c-5fdd2f228477,953-134-5808,2.110.192.157,Electronic Health Record,True,Clinical Care,2025-04-24 09:10:46
917e7565-912b-4627-a39d-dccfde07bfe5,2025-04-08 02:31:31,db572e88-202c-4988-a12c-607d239df35b,Terence Hopkins,Schedule Appointment,Patient Record,95e2bebb-7a7e-487c-9010-782f8e9c414c,907-826-8139,184.183.208.215,Laboratory System,True,Clinical Care,2025-04-08 02:31:31
b574e45a-8efa-4331-9cd3-8014417cd80c,2025-04-04 05:51:04,31785a8c-727f-4157-97e4-fab469560461,Scott Mitchell,Cancel Appointment,Patient Record,4a0c584f-b8f2-4932-9e92-9b7c9fa794a3,876-488-6762,214.209.177.108,Laboratory System,True,Clinical Care,2025-04-04 05:51:04
37a12458-8231-4f98-bf21-5681195810ee,2025-04-28 09:05:02,c58dac46-9dc8-480b-8abe-02de65bc6f78,Alexandra Bibi,Prescribe Medication,Patient Record,82237a28-9f41-4f2c-9821-47858ff7120b,794-381-2971,154.246.127.212,Pharmacy System,False,Unauthorized Access,2025-04-28 09:05:02
e3407984-9a39-4d0c-8a22-275a5985eb74,2025-04-12 02:57:14,16577a27-da14-481b-88f6-3530ada23ac3,Alison Baker,View Patient Record,Patient Record,4515a116-c393-4848-a4f2-4052446d73b3,916-929-3652,4.190.152.32,Laboratory System,True,Clinical Care,2025-04-12 02:57:14
2a620259-12cf-4265-aa92-aa1c1fd71da0,2025-04-25 08:05:01,1d5e89e7-61ac-4dad-b572-de6a62088f5c,Christopher Kelly,View Patient Record,Patient Record,d6aad68a-e224-49ea-adfe-869aa130e926,802-273-5451,171.199.208.151,Electronic Health Record,False,Unauthorized Access,2025-04-25 08:05:01
f33065db-6687-465e-8c15-ac1759932a0e,2025-04-25 12:37:43,1d5e89e7-61ac-4dad-b572-de6a62088f5c,Christopher Kelly,Prescribe Medication,Patient Record,2930bb24-6067-4b6b-b312-286aa0903d12,575-896-4633,145.43.112.58,Electronic Health Record,True,Clinical Care,2025-04-25 12:37:43
42c511c3-bb1b-40cd-a1f2-843de717161b,2025-04-22 13:05:13,3534af73-6adc-4a69-ba36-641e3aae2b17,Nicole Ford,Schedule Appointment,Patient Record,97000eff-2bad-4d30-b9a2-2b583bb7a2ea,991-190-3439,3.183.9.247,Patient Portal,True,Clinical Care,2025-04-22 13:05:13
a4bb2542-9be0-4930-bd0e-cadf671a0dd5,2025-04-26 16:49:02,16577a27-da14-481b-88f6-3530ada23ac3,Alison Baker,View Test Results,Patient Record,4c71d579-25ac-4f72-b0ea-23e23a556292,637-766-9279,195.174.145.112,Laboratory System,True,Clinical Care,2025-04-26 16:49:02
9771f30b-170f-4d17-bf4b-430cef762deb,2025-04-24 03:30:46,3534af73-6adc-4a69-ba36-641e3aae2b17,Nicole Ford,Edit Patient Consent,Patient Record,a4af7db3-c7b5-48d6-a356-086502bbbb29,717-158-7745,13.161.251.142,Electronic Health Record,True,Clinical Care,2025-04-24 03:30:46
7bdb45c1-efab-46f1-a58c-4fc1f1aa183c,2025-04-10 00:15:17,6dc32cc0-0346-4f3a-b289-28b3b4caa228,Dominic Bond,Update Patient Demographics,Patient Record,7c31e23d-eae7-4885-a5cd-48145bbb6169,449-700-1006,217.214.27.109,Patient Portal,True,Clinical Care,2025-04-10 00:15:17
