patient_id,nhs_number,first_name,last_name,date_of_birth,gender,address,postcode,phone_number,email,blood_type,registered_gp,emergency_contact,emergency_contact_phone,created_at,updated_at
f53f25d8-9e7a-4334-ad65-44efb2a5751f,624-584-5043,Grace,Davies,1948-05-02,Female,"17 Black light
East Shannonside
BT7M 8PT",B7T 5SR,+44(0)118 4960100,samuel27@example.net,A+,Dr Mohammed Jones MD,Martyn Patel,+44121 4960912,2025-04-29 00:50:57,2025-04-29 00:50:57
ebaedcab-2a1f-4501-bd47-6f836abcb6d6,626-883-8548,Anna,Ahmed,1997-11-20,Female,"Flat 83f
Charlene village
Lake Kirstyhaven
WF3X 3JH",SP5E 9JU,0141 4960604,eleanordavis@example.org,A-,Miss Christine Miller MD,Sally Parry,+44(0)28 9018150,2025-04-29 00:50:57,2025-04-29 00:50:57
748ba421-9a3c-4e7c-ac6c-77b0fe124cc4,798-994-3816,Timothy,Woods,1985-08-05,Male,"Flat 83
Louise oval
Port Mohammadport
DD4 9BT",S6D 4ZS,(0121) 4960950,callumgreen@example.com,A+,Kenneth Wood MD,Nicole Smith,01154960570,2025-04-29 00:50:57,2025-04-29 00:50:57
95e2bebb-7a7e-487c-9010-782f8e9c414c,907-826-8139,Bernard,Collins,2011-01-26,Male,"359 Davies forges
South Henry
PR1 2RD",B4 9PW,(0191)4960787,ethornton@example.com,AB-,Heather Ryan MD,Sylvia Booth,01134960354,2025-04-29 00:50:57,2025-04-29 00:50:57
a63e6b11-b516-4f6c-b0a8-b954497ce8c3,621-532-2805,Sally,Murphy,1957-07-24,Female,"Flat 0
Oliver island
Lake Maureenstad
N87 9BR",E6 6ZB,(0161) 4960428,browneleanor@example.org,A+,Joanna Lewis MD,Emma Sheppard,(0118) 496 0044,2025-04-29 00:50:57,2025-04-29 00:50:57
75a3960e-95a2-4287-9d9b-e5448a3f150a,414-624-1120,Fiona,Stewart,1931-07-31,Female,"Flat 31m
Stacey parkways
Francismouth
BN28 9GN",DE38 4DN,0292018429,dennisholt@example.com,B-,Benjamin Clements MD,Miss Molly Barton,029 2018 0658,2025-04-29 00:50:57,2025-04-29 00:50:57
97e7c0d6-1b61-40a5-a925-ef267ec011c3,409-421-5285,Rhys,Smith,2008-06-23,Male,"Flat 34y
Roberts pine
Johnton
OL4 2LN",LS5B 5UU,0909 8790809,garethtaylor@example.org,B-,Alice Davies MD,Kathryn Jones-Matthews,+44118 4960665,2025-04-29 00:50:57,2025-04-29 00:50:57
b8252e98-c9ea-43b5-89b5-a1204dcc1cb9,952-371-6194,Joseph,Thompson,1959-10-21,Male,"Flat 81l
Williams stravenue
East Sean
BD7 8RB",M0 7GY,(0131) 4960611,sian23@example.net,B+,Mr Toby Jackson MD,Barry Clarke,+44289018066,2025-04-29 00:50:57,2025-04-29 00:50:57
70839217-205f-47b5-8b05-0de7cc30fae0,905-267-5000,Marion,Foster,2012-12-23,Female,"Flat 0
Price spur
South Mathewmouth
MK8 0SE",BH4 6RF,01144960499,dthompson@example.com,O+,Geraldine Adams MD,Barry Hunt,+44118 4960530,2025-04-29 00:50:57,2025-04-29 00:50:57
f7215183-e5e4-4f7a-9cc0-2d92f586eca4,504-690-6546,Amy,Dale,2015-11-25,Female,"Studio 19a
Katie valley
Lake Christine
FK19 5FF",L8 9SY,(0909) 879 0102,carolinewarren@example.org,AB-,Lorraine Cooper MD,Dr Jake Jones,0141 4960186,2025-04-29 00:50:57,2025-04-29 00:50:57
60e9a05f-9d30-47a0-9bed-176bf9265115,494-598-9546,Reece,George,2000-11-02,Male,"Flat 86H
O'Connor meadow
South Joelbury
M6K 1JS",G9 7ND,(0306)9990638,joshua65@example.org,B-,Amanda Doyle MD,Dr Julian Watson,(0191) 4960928,2025-04-29 00:50:57,2025-04-29 00:50:57
8d420b24-b9f9-4cf8-ad3f-5a60368bcf57,682-761-8128,Mohammad,Jones,1973-01-08,Male,"84 Bryant mountains
Spencershire
L94 7LN",SK8N 8YQ,+44808 1570882,fgallagher@example.org,O+,Clive Howard-Rogers MD,Naomi Berry,+44116 4960039,2025-04-29 00:50:57,2025-04-29 00:50:57
b59f7988-bf09-4a7e-aef3-4e5db917d0bd,876-700-8861,Robert,Reed,2023-03-22,Male,"Studio 19n
Angela alley
North Cheryl
IG96 0JP",DG37 8EE,+44(0)20 7496 0571,xgreen@example.org,AB+,Miss Melanie Parker MD,Bradley Ward,+44(0)131 496 0034,2025-04-29 00:50:57,2025-04-29 00:50:57
ce3a0781-3eb2-47eb-b929-f45341185edf,607-207-6478,Benjamin,Smith,1943-08-10,Male,"Studio 74e
Kerr keys
Lake Sam
N1T 6DD",CT9B 9AJ,+44(0)1914960646,ymarshall@example.com,B+,Dr Jacob Simpson MD,Thomas Collins,(0116) 4960450,2025-04-29 00:50:57,2025-04-29 00:50:57
03384811-f9b0-438f-a953-ce1a17f8848d,679-390-8932,Alex,Williams,2012-06-20,Male,"Flat 6
Smith forge
East Jordanmouth
N03 9UE",PR1 0BU,(020)74960603,reesmartyn@example.com,B-,Karen Taylor-Bates MD,Dr Katherine Saunders,+44306 9990748,2025-04-29 00:50:57,2025-04-29 00:50:57
e904b45b-d601-4977-8d95-878026b1601d,539-908-3399,Jade,Carter,2014-07-01,Female,"024 Ellie knolls
Fisherborough
G4 3TU",G3E 5HL,+44(0)8081570327,toby59@example.org,A+,Linda Begum MD,Nicholas Palmer,(0191)4960615,2025-04-29 00:50:57,2025-04-29 00:50:57
c1a3f283-5074-4f00-ba82-0f161ddd02ae,923-425-3905,Clive,Baxter,1931-11-08,Male,"Flat 1
Pearce tunnel
Fletcherborough
DY15 2PY",L8C 7LA,(0116) 4960995,peter31@example.com,O-,Janice Williams MD,Sarah Little,+44(0)289018798,2025-04-29 00:50:57,2025-04-29 00:50:57
9703dd32-a950-48d9-8f82-5ac5a049437a,991-263-4191,Derek,Davis,2001-06-17,Male,"474 Dawn vista
North Chloe
S2S 2UB",PE52 8UB,+44121 496 0844,smithamelia@example.org,O+,Nathan Todd MD,Dorothy Harris,+44(0)141 4960896,2025-04-29 00:50:57,2025-04-29 00:50:57
d6fc145b-94db-4c09-9dbc-8980a62c26a1,843-905-8207,Joan,Thomas,2011-12-29,Female,"Flat 24
Timothy plains
South Vincent
L9 5GT",S2 8XR,(0117) 496 0939,jake88@example.net,O-,Marian Macdonald MD,Ms Wendy Rogers,+44(0)116 496 0950,2025-04-29 00:50:57,2025-04-29 00:50:57
ecb7dfb6-8a00-49c6-b09c-b658c00a253b,835-801-2314,Roger,Ellis,1965-06-18,Male,"Studio 61
Rachael mission
Rosemarystad
ZE64 3WH",PA0 1AJ,+44(0)1914960723,ckay@example.org,O+,Mrs Jill Buckley MD,Joel Johnson,(0131) 496 0061,2025-04-29 00:50:57,2025-04-29 00:50:57
2a1c92e2-389e-4acd-bafc-2799fdb0f204,840-448-4596,Lesley,Smith,2014-05-14,Female,"Studio 64E
Cooper rest
Clarkeburgh
SN89 3SQ",S1U 1XR,+441184960194,shirley63@example.com,B+,Rachael Wallace-Harris MD,Dr Frank Page,(01632) 960748,2025-04-29 00:50:57,2025-04-29 00:50:57
bac24752-5b8d-4b2c-b99e-fcb747c29f3c,939-597-9635,Natasha,Jenkins,1962-03-10,Female,"850 Ward rest
Lyndafurt
M33 0HJ",N40 1ZU,+44(0)1134960670,terence68@example.net,B+,Ms Alison Thomson MD,Mrs Josephine Anderson,+44(0)1144960877,2025-04-29 00:50:57,2025-04-29 00:50:57
33218d4d-db1b-461e-95b6-b27c7fb9d96b,557-566-9290,Matthew,Barker,1970-03-26,Male,"Flat 9
Barnes avenue
Lake Owen
L7 6GG",BL86 7SD,+44116 496 0333,jeffrey34@example.com,B+,Graeme Williams MD,Sophie Bell,(0115) 496 0970,2025-04-29 00:50:57,2025-04-29 00:50:57
4280b71e-fbc8-46bc-b3b3-e718e83c9067,556-702-3524,Carol,Bibi,1955-09-09,Female,"049 Burton island
Liamville
HR8Y 0FE",DT03 3BB,+441314960099,justin99@example.org,A+,Declan Jones MD,Dr Bruce Khan,+44(0)909 8790133,2025-04-29 00:50:57,2025-04-29 00:50:57
a4af7db3-c7b5-48d6-a356-086502bbbb29,717-158-7745,Christine,Wright,1936-01-01,Female,"Flat 89I
Judith crossroad
East Gordon
L2W 2LS",BR58 9JW,+44(0)1314960194,khughes@example.org,A+,Rhys Hunter MD,Harry Jones,(0113) 4960466,2025-04-29 00:50:57,2025-04-29 00:50:57
6d121daf-13ec-4759-9116-2c2279a500fe,703-249-2075,Jonathan,Adams,1950-06-04,Male,"Flat 36x
Elizabeth center
Joneston
BD8 0RR",GU5 5SH,+4428 9018 0289,bradleyrichardson@example.net,B-,Lisa Shepherd-Read MD,Leigh Smith,01514960363,2025-04-29 00:50:57,2025-04-29 00:50:57
0b7faa3c-756f-4780-bcf0-eed10652863a,752-276-5224,Karen,Potts,1932-09-18,Female,"461 Harris park
Frederickberg
KA3X 6YY",M2 6UA,(028) 9018 0699,chambersbryan@example.org,A+,Bernard Allen MD,Deborah Osborne,0115 4960618,2025-04-29 00:50:57,2025-04-29 00:50:57
2930bb24-6067-4b6b-b312-286aa0903d12,575-896-4633,Emily,Jones,1939-04-19,Female,"Studio 74
Fox gardens
East Susan
PH13 3UY",E0 3YU,+44289018498,henry43@example.org,B+,Stacey Willis-Lynch MD,William Harrison-Webb,028 9018 0341,2025-04-29 00:50:57,2025-04-29 00:50:57
267fd393-da77-4f21-9bf7-8e25b8e879d0,632-195-2972,Christian,Singh,2004-12-29,Male,"0 Judith cliffs
Lake Owenburgh
E3 2TF",CO9 7PN,(0115) 4960402,matthewward@example.org,B+,Ryan Gilbert MD,Jennifer Francis,01632 960541,2025-04-29 00:50:57,2025-04-29 00:50:57
32cdf292-b73e-4442-844b-9b59778adf43,512-947-8963,Donna,Cox,1973-12-19,Female,"Flat 2
Nicola walks
East Mohammad
NR9 2RT",EX0N 4JW,0161 4960037,qwilson@example.org,AB+,Mr Charles Hardy MD,Tony Ryan,+44(0)116 4960963,2025-04-29 00:50:57,2025-04-29 00:50:57
0f425f6d-c4c0-4607-bd61-d941f16b161b,990-245-9238,Philip,Phillips,1974-12-01,Male,"Flat 4
Harrison hollow
New Raymond
CA4N 5SR",N61 5EN,(028) 9018059,tdavies@example.com,B+,Ms Lesley King MD,Ryan Burton,+44(0)116 4960974,2025-04-29 00:50:57,2025-04-29 00:50:57
7ac8eebc-f4d8-4dc4-be3d-7358c52c12fc,549-640-4240,Bernard,Smith,1957-04-18,Male,"Studio 00B
Taylor skyway
East Lucytown
DN1 8FG",W0 0LN,+44(0)114 4960444,chloewilliams@example.net,A-,Clare Wood-Cooke MD,Suzanne Knight-King,(028) 9018 0859,2025-04-29 00:50:57,2025-04-29 00:50:57
147a0962-3165-4e82-a21e-53c85a43be69,627-431-2105,Jeffrey,Matthews,1978-08-07,Male,"21 Kieran stravenue
Lake Irene
NE3V 9RF",L5D 1TD,+441134960483,smithgeorgina@example.org,O-,Gail Clarke MD,Timothy Graham,(0131) 4960000,2025-04-29 00:50:57,2025-04-29 00:50:57
3e3eba14-17e3-4090-9cae-2bc96f364624,528-716-4276,Diana,Edwards,1961-08-07,Female,"Flat 55q
Jacob plaza
East Marcus
OX0N 4GS",M7 9WH,+4429 2018332,charleneharris@example.net,A-,Megan Davies MD,Victoria Lewis,+441632960336,2025-04-29 00:50:57,2025-04-29 00:50:57
b513eabe-aada-4ca5-9eac-ce45ad77f35f,410-355-6753,Victor,Knight,2016-04-19,Male,"Flat 23
Louise rapid
West Elliotshire
L12 2XR",BL24 5XE,+44(0)1632 960295,lesleycarter@example.net,O+,Andrea Wright MD,Neil Palmer,(0115) 4960473,2025-04-29 00:50:57,2025-04-29 00:50:57
e871ce78-31a5-4507-aefb-448f339c5c5a,936-613-5746,Mary,Murphy,1964-01-11,Female,"Flat 95
Moore avenue
Port Valerie
SY9 1QH",WF48 2FB,+44(0)20 74960764,howard79@example.com,A-,Jean Williamson MD,Aaron Elliott-Riley,+44(0)131 4960313,2025-04-29 00:50:57,2025-04-29 00:50:57
8c5c0818-9a0c-4088-8337-c5e43959e9dc,670-105-3101,Lindsey,Harris,1947-12-27,Female,"934 Thornton estate
West Sophie
TA19 7BE",L48 3ZS,(0118)4960071,stevensonabigail@example.com,B-,Harriet Cooper-Hope MD,Mary Duncan-Smith,0118 496 0252,2025-04-29 00:50:57,2025-04-29 00:50:57
7d56f4b9-eb3e-4bcb-a458-5f8eca805cde,704-446-7369,Geoffrey,Mistry,1944-07-24,Male,"Studio 5
Maurice parkways
Vaughanfurt
LL3 5PE",LU5 2GT,+44113 4960289,gerald87@example.org,A-,Leon Thomas MD,Angela Taylor,+44121 4960138,2025-04-29 00:50:57,2025-04-29 00:50:57
c8a7815e-ec88-4346-8a11-2340d4678295,802-504-5794,Marilyn,Brown,1932-07-18,Female,"Flat 8
Collins union
Wrightborough
SK9 7UP",SG00 0JX,(028) 9018 0822,katethomas@example.com,B-,Lesley Patterson-Powell MD,Richard Rhodes,(0808)1570248,2025-04-29 00:50:57,2025-04-29 00:50:57
98917065-6b47-421a-8701-63be91fcb974,837-106-8255,Sandra,Chapman,1954-10-10,Female,"Flat 61
Harrison ways
Port Duncan
SN00 3UB",HP6 6FX,+443069990628,kayleigh85@example.net,O-,Ruth Roberts MD,Cheryl Law,+44115 496 0884,2025-04-29 00:50:57,2025-04-29 00:50:57
4515a116-c393-4848-a4f2-4052446d73b3,916-929-3652,Katherine,Jenkins,1963-09-24,Female,"Flat 56
Barker ford
Burtonside
IV9 5DS",LL23 0AA,(0121)4960286,kelly74@example.org,A-,Dr Danny Simpson MD,Mr Darren Collins,01632960065,2025-04-29 00:50:57,2025-04-29 00:50:57
a1147467-3925-44fa-b492-d5cec1090235,707-397-7521,Donna,Sharp,1957-08-03,Female,"977 Chamberlain fort
Mauricechester
PA1E 7TP",FK8X 9UP,+44113 4960907,kenneth67@example.net,B+,Barbara Wong-Thomas MD,Kerry Pollard-Smith,+448081570853,2025-04-29 00:50:57,2025-04-29 00:50:57
82237a28-9f41-4f2c-9821-47858ff7120b,794-381-2971,Mathew,Hughes,2004-10-14,Male,"418 Suzanne prairie
South Gillian
SL0 8QU",NP7 7LE,+44(0)1134960751,csullivan@example.org,B+,Dr Francis McKenzie MD,Antony Wallace,(0161)4960284,2025-04-29 00:50:57,2025-04-29 00:50:57
2a5e0544-f7bb-4f32-8117-351224171333,912-669-3119,Kyle,Barrett,1927-01-16,Male,"Flat 30G
Cheryl highway
West Vincentside
M6 8NP",SK5 5BD,+44(0)1632 960035,janecross@example.org,A+,Allan Hawkins-Allen MD,Max Bevan,01414960919,2025-04-29 00:50:57,2025-04-29 00:50:57
fab22935-9944-494a-94cf-12234cc5a295,629-319-7909,Joan,Hutchinson,2012-07-13,Female,"67 Christian lodge
South Ann
S6J 5PJ",G8J 4UX,0118 496 0319,annetteholmes@example.org,B+,Guy Hayes MD,Julie O'Connor,+44191 4960560,2025-04-29 00:50:57,2025-04-29 00:50:57
e584a838-b705-4fc0-8c30-9faf7a6d6fe0,780-755-9652,Ellie,Baldwin,1949-11-27,Female,"Studio 39
Martin brooks
Georgeville
IP7R 2SD",E81 1AS,+44(0)1414960526,rosiewright@example.org,A+,Lynne Howard MD,Carol Hill-Patel,(0909) 8790242,2025-04-29 00:50:57,2025-04-29 00:50:57
517fa09f-562e-40db-9c24-2078c3b88ea9,781-152-3710,Paul,Anderson,1938-03-21,Male,"65 Richards plains
New Georgeborough
HR45 0XE",M6W 5JA,+44(0)1514960859,jacobnorton@example.org,AB-,Eric Burrows-Baker MD,Kathleen Wilson,01144960306,2025-04-29 00:50:57,2025-04-29 00:50:57
879739e9-29bf-4a55-bc82-584d69216fda,645-419-1165,Pamela,Mills,1945-09-07,Female,"31 Lee extension
North Karenhaven
N7 2TH",HP25 3BW,+44(0)161 4960917,jwilkinson@example.net,AB-,Lynn Morris MD,Ms Marion Whitehead,(0118) 496 0926,2025-04-29 00:50:57,2025-04-29 00:50:57
f12f0313-312a-41a9-858a-b8552471ed8c,697-604-8154,Francis,Andrews,1939-06-28,Male,"133 Carl row
Staceyton
ME9A 5SX",W65 6LL,+44(0)131 496 0175,wrightkirsty@example.org,O-,Yvonne Hill-Watson MD,Marcus Powell-Fitzgerald,+441164960548,2025-04-29 00:50:57,2025-04-29 00:50:57
b848312f-6fc6-4205-823e-6b64db845e7d,535-257-4542,Geoffrey,Williams,1999-08-03,Male,"Studio 34o
Lynda cape
New James
HP0Y 7YD",CF13 8FR,+44121 496 0139,kellykeith@example.org,A-,Rhys Long-Martin MD,Mandy Khan-Phillips,(0116)4960586,2025-04-29 00:50:57,2025-04-29 00:50:57
bbc85f99-73e5-4c04-a752-def71cd3efe1,528-422-6861,Danny,Nash,2021-01-04,Male,"Studio 2
Lewis mill
Damienmouth
W5 9QP",WS9E 6WG,(028) 9018 0116,edwardskate@example.net,O+,Elizabeth Scott-Harrison MD,Dean Watson,+441214960203,2025-04-29 00:50:57,2025-04-29 00:50:57
a356986c-519c-42f0-9ba6-bd7e02da641a,555-624-6178,Bryan,Bates,1953-11-29,Male,"Flat 60
Chandler glen
North Rebeccaport
HP39 4TX",PL4P 7XD,+44(0)20 7496 0722,sarawalker@example.com,B-,Harry Marsden MD,Lisa Williams,(0909)8790712,2025-04-29 00:50:57,2025-04-29 00:50:57
f01ec28a-6a64-4dac-8b89-32f46c927de4,861-781-2105,Bruce,Graham,1988-06-15,Male,"896 Briggs lock
Patrickmouth
W0 4BT",E5 7FX,+44(0)1632 960 166,jacksonmarie@example.net,AB+,Dr John Sharpe MD,Roger Bolton,(0191) 4960599,2025-04-29 00:50:57,2025-04-29 00:50:57
7c31e23d-eae7-4885-a5cd-48145bbb6169,449-700-1006,Peter,Mason,2023-08-20,Male,"Studio 03M
Lynn loop
New Alanton
TD2N 7PP",TW4Y 2WY,+441414960385,dixonstewart@example.com,AB+,Lydia Jones MD,Dr Tracey Phillips,(0114) 4960097,2025-04-29 00:50:57,2025-04-29 00:50:57
b6e682e9-d7dd-4cd9-bb7d-1bc2b2e34b8c,768-737-9557,Mohammad,Daly,1961-06-22,Male,"50 Richard islands
Lake Jasonborough
OX1R 0HQ",M7E 0WQ,+44(0)115 4960467,grantjenna@example.org,A+,Shirley Robinson MD,Dr Lewis Rice,+44(0)1134960292,2025-04-29 00:50:57,2025-04-29 00:50:57
5d5e7599-629e-44be-8916-84fec20ce08a,914-797-5746,Owen,Williams,1944-02-23,Male,"Flat 43C
Lynn dale
Abigailberg
PE1A 5TG",LL9 2GN,(020) 7496 0761,roy64@example.com,AB+,Mr Clifford Davis MD,Alex Bishop-Nelson,+4428 9018246,2025-04-29 00:50:57,2025-04-29 00:50:57
a9277a0e-6f47-4b1c-b8fa-5e65a80beef3,517-124-6387,Rachel,Bailey,2016-05-05,Female,"049 Duffy mission
Joneston
CA2 0GW",LU46 1RN,+44191 4960610,jacksonangela@example.net,A+,Beth Turner MD,Robin Hughes,028 9018932,2025-04-29 00:50:57,2025-04-29 00:50:57
ecc6fe52-9d8a-4d71-b891-9618978d4b29,905-314-9993,Teresa,Wallace,1924-08-25,Female,"69 Thorpe summit
Annaburgh
RG35 5LY",WR2 3RQ,+44161 496 0200,deniswebster@example.net,O-,Mohamed Dobson MD,Jade Day-Marshall,(028)9018320,2025-04-29 00:50:57,2025-04-29 00:50:57
dd1a2ec2-bd8e-43f5-9356-326b35f5cc1d,543-167-8189,Nicholas,Green,2015-09-03,Male,"247 Bryan wells
Port Nathanport
N2S 1FE",CF43 2QG,+44(0)121 496 0497,ahussain@example.net,O-,Dr Douglas Williams MD,Mrs Carly Goddard,028 9018 0724,2025-04-29 00:50:57,2025-04-29 00:50:57
daa07bca-a109-40ed-b2c2-b5b9f67d2cc4,732-869-8669,Toby,Glover,1987-07-10,Male,"609 Julie flats
Stewartport
HU4W 9YJ",SW35 5JJ,01632 960768,ctaylor@example.com,A-,Jenna Perry MD,Mary Robertson-Kelly,(028)9018940,2025-04-29 00:50:57,2025-04-29 00:50:57
afda391c-d993-452b-bd3e-6c679d4c5b80,713-442-6088,Ashleigh,Norman,1949-06-08,Female,"820 Evans rapid
North Sarah
WS4 0PP",S5S 2EU,+44(0)9098790822,eileen53@example.org,O-,Mr Allan John MD,Mrs Elizabeth Graham,(020) 74960447,2025-04-29 00:50:57,2025-04-29 00:50:57
93ef1401-f512-4ea9-8cf0-796da79a94e5,566-793-2658,Mary,Campbell,1989-11-23,Female,"Flat 9
Jones parkway
Gemmaburgh
BH7 6RB",NW70 6NP,(0131) 4960517,geraldinesmith@example.org,A+,Charlie Hill MD,Lauren Smith,01164960129,2025-04-29 00:50:57,2025-04-29 00:50:57
3fdab83c-9f70-4f03-b27b-e1b576d17d90,532-433-8349,Dylan,Stevenson,1984-03-04,Male,"984 James port
Port Denischester
M0B 1RT",HR5M 7XG,+44(0)808 157 0893,pbennett@example.net,B+,Amy Manning MD,William Sims,+44(0)28 9018365,2025-04-29 00:50:57,2025-04-29 00:50:57
80bfe1b5-ed64-47d7-b045-f8ccb4a68f29,471-844-7060,Donna,Jones,1956-12-04,Female,"564 Manning plain
Port Eric
W1W 4BG",B05 7HJ,+44118 496 0973,dgreen@example.net,O+,Louise Kaur MD,Barry Byrne,+44(0)1144960674,2025-04-29 00:50:57,2025-04-29 00:50:57
8b53fba5-75e8-4e1f-ad89-57d58d823ea7,701-460-3625,Stephen,Khan,2003-09-13,Male,"166 Howard summit
Williamborough
L30 6AA",BT26 5XL,+44131 4960106,murrayroy@example.net,B-,Lauren Reynolds MD,Jamie Pratt-Dickinson,(0306) 9990758,2025-04-29 00:50:57,2025-04-29 00:50:57
1ca4e515-f9fa-4934-af6d-004fbbdf6ca5,944-234-4113,Anna,Craig,1961-12-10,Female,"87 Simpson plains
Greenfort
CW6R 8YW",B63 2UT,+44(0)9098790781,qthompson@example.org,AB-,Nicola Cook-Wheeler MD,Terence Barnes,+44(0)3069990633,2025-04-29 00:50:57,2025-04-29 00:50:57
16230566-bd53-4eb3-af8f-5ef5fa0df7b5,956-158-5977,Gemma,Harris,1983-04-27,Female,"6 Carl park
New Vincentfurt
KA2 6EA",M1F 4SD,(0114)4960672,kfisher@example.org,A+,Samantha Baker MD,Lawrence Thomas,+44117 4960881,2025-04-29 00:50:57,2025-04-29 00:50:57
950b6947-156c-4903-a164-af2c1cc8aa67,954-471-9239,Ricky,Spencer,1934-10-09,Male,"2 David shore
Jordanchester
N4 0WH",RG89 3DX,0191 4960522,slaterrussell@example.com,O+,Jacob Lloyd MD,Mrs Wendy Booth,+44(0)8081570892,2025-04-29 00:50:57,2025-04-29 00:50:57
48fa9993-0d6e-4f30-99fe-a4e7e6ee9938,741-902-8184,Gary,Shepherd,1929-05-14,Male,"148 Glenn plains
North Lindseyhaven
AL5X 4RG",WF88 4JH,+44(0)1164960966,daniellelawrence@example.org,AB+,Sandra Cooper MD,Bruce Harding,(0808) 157 0414,2025-04-29 00:50:57,2025-04-29 00:50:57
339030b0-af09-44bc-9dfa-b22f28ea8f60,470-884-5103,Ben,Powell,1960-09-15,Male,"Studio 3
Lisa corners
East Hannah
NN15 2WF",S6 3NR,+44(0)151 496 0764,kaurross@example.com,A+,Russell Yates MD,Brandon Hardy,+44141 496 0337,2025-04-29 00:50:57,2025-04-29 00:50:57
19b16505-a219-4cad-9aa8-124be6cf9956,442-624-9945,Zoe,Carpenter,1928-04-15,Female,"47 Chloe overpass
Fullerberg
B7G 0XP",PL59 1FJ,+44(0)306 9990678,tracyrobinson@example.org,B-,Tracy Matthews-Davies MD,Paula Miller,0151 4960211,2025-04-29 00:50:57,2025-04-29 00:50:57
150a1e8e-8810-49a2-95aa-7ad143242b63,429-196-5591,Gemma,Walker,1993-05-03,Female,"Flat 64
Tomlinson plains
Melissamouth
PL4 0QB",B8 3BU,+44(0)121 4960774,idawson@example.org,B-,Mr Anthony King MD,Sam White,(0191) 4960246,2025-04-29 00:50:57,2025-04-29 00:50:57
8ceea46a-0a22-4c19-b71d-faa807ef69b2,941-612-6494,Albert,Curtis,1944-09-19,Male,"901 Roberts mills
East Hazelville
L1E 9GF",IV51 6AN,(0117) 496 0647,edwardsheather@example.net,B+,Ms Frances Wright MD,Marilyn Murray,+44(0)29 2018521,2025-04-29 00:50:57,2025-04-29 00:50:57
3694622e-8c79-4578-9631-75cb32638b5c,438-717-5443,Elaine,Harrison,1997-01-05,Female,"8 Paul ranch
Aliceshire
G7 0RE",S2 1NN,+44(0)1414960619,jcox@example.org,B+,Christine Thomas MD,Rhys Nelson,+44151 496 0211,2025-04-29 00:50:57,2025-04-29 00:50:57
23ec5346-15f6-487f-beb0-79e6ef9426e5,660-840-7689,Duncan,Byrne,2018-08-04,Male,"Studio 76
Sheppard cape
Douglasmouth
HD51 6BY",ME1B 6ZS,(0306) 9990161,harriskieran@example.com,O+,William Gill MD,Rachael O'Connor,+44(0)118 496 0697,2025-04-29 00:50:57,2025-04-29 00:50:57
4c71d579-25ac-4f72-b0ea-23e23a556292,637-766-9279,Jonathan,Bryan,1996-05-26,Male,"7 Davison parkways
East Lynda
N5W 9JY",BL5 5JN,(0115) 4960081,stokesamber@example.com,A+,Clare Morton MD,Dr Pamela Jones,+441184960314,2025-04-29 00:50:57,2025-04-29 00:50:57
a805e0c4-6789-4ead-93b2-6bc1581c49cf,979-731-3209,Hollie,Parsons,1978-08-02,Female,"28 Fraser fords
North Jacob
DY0V 8WR",DH36 5JJ,+44(0)29 2018868,mobrien@example.org,O-,Jordan Hall MD,Dr Henry Wheeler,+44(0)191 496 0942,2025-04-29 00:50:57,2025-04-29 00:50:57
e0f7c894-06fe-4e90-97d2-f81ea30515a7,816-755-5709,Mark,Wong,1973-06-06,Male,"Studio 78
Morton corners
New Jenna
HX4 9ZF",B0 2HB,01914960589,peter91@example.org,A+,Holly Morton MD,Victoria Whitehead,0808 157 0760,2025-04-29 00:50:57,2025-04-29 00:50:57
6d467504-38d3-406c-830c-5fdd2f228477,953-134-5808,Michelle,Barrett,1937-11-21,Female,"35 Bolton pines
Ingramburgh
B7G 6ZJ",E04 8WX,0121 4960491,richardsondenise@example.com,AB-,Julia Holden MD,Lucy Howarth,(0191) 496 0493,2025-04-29 00:50:57,2025-04-29 00:50:57
4bf1a14b-41b1-4ac5-b8f0-a5f8aac0ade9,955-943-6161,Lee,May,1995-05-03,Male,"Flat 5
Donald shores
Helenburgh
W30 3TZ",W2K 2BR,0141 4960968,dorothymartin@example.com,A+,Callum Jones MD,Gavin Wheeler,+44(0)289018872,2025-04-29 00:50:57,2025-04-29 00:50:57
8fdffaa7-98c6-4b98-8a67-779d37376e2a,440-509-9560,Lisa,Williams,2010-07-30,Female,"Studio 68I
Duncan crossing
Nicolaside
L69 2PT",M2 6FP,01184960106,joelward@example.com,B-,Howard Miller MD,Jack Reynolds,+44(0)20 74960047,2025-04-29 00:50:57,2025-04-29 00:50:57
03ecbe1f-0bdc-4597-8cfe-cfcb9a545bb3,458-315-4747,Sally,O'Brien,1991-12-26,Female,"532 Powell stravenue
South Adrianton
NP3Y 4RY",GU29 1XL,(0121) 496 0112,katherine82@example.net,A-,Peter Harvey MD,Dr Roger Phillips,+443069990590,2025-04-29 00:50:57,2025-04-29 00:50:57
78f789ff-61b5-4fca-ac48-679f127ca233,666-984-5704,Shaun,Holloway,1988-09-29,Male,"Studio 76L
Walker hollow
Lake Jennastad
S3 3EW",OL42 2RS,+4428 9018 0819,wardnatasha@example.com,B+,Emma James MD,Charlie Davis,+44116 4960906,2025-04-29 00:50:57,2025-04-29 00:50:57
d6aad68a-e224-49ea-adfe-869aa130e926,802-273-5451,Jade,Rice,1979-09-29,Female,"30 Duncan lodge
Bennettland
W67 2XB",TQ8 3ND,+44(0)1614960016,lynnholt@example.com,A+,Hayley Buckley MD,Linda Taylor,+44808 157 0631,2025-04-29 00:50:57,2025-04-29 00:50:57
1d73fd7d-5c40-4961-a5f8-5dc85cac82b5,802-750-6347,Lauren,Quinn,2008-07-18,Female,"Flat 14t
Hunt mews
Stephanieton
W3T 5FB",WD1 1JD,01214960603,kayleigh83@example.com,A-,Clare Austin MD,Dr Janet Owen,+44(0)9098790793,2025-04-29 00:50:57,2025-04-29 00:50:57
0c7248ff-d32d-477a-8dbb-e2d46a579f98,814-462-1926,Craig,Reynolds,1925-02-11,Male,"130 Jeffrey meadow
Michaelmouth
TD5A 4FD",RM3H 5ST,+44(0)1314960528,pmorris@example.org,B+,Ms Marian King MD,Ms Georgia Wilson,(029)2018512,2025-04-29 00:50:57,2025-04-29 00:50:57
68ea3a22-4f62-490c-aef9-47f347d48367,503-528-6966,Wayne,Parsons,1963-09-30,Male,"Flat 36U
Saunders hills
Hardingchester
HP89 3RH",L23 5BA,01632 960078,ktaylor@example.org,B-,James Bond MD,Adrian Richardson,(029) 2018798,2025-04-29 00:50:57,2025-04-29 00:50:57
70a738dc-5ba0-410d-895c-d9e5598ffa76,750-430-6911,Joyce,Edwards,1984-07-11,Female,"30 Nicole island
Lake Clarefort
M8 7EY",G8H 3TX,(0161) 4960599,debra89@example.net,B-,Martyn Lewis-Whittaker MD,Jeffrey Thornton,+4429 2018 0716,2025-04-29 00:50:57,2025-04-29 00:50:57
03ba2dd1-63a6-4392-b710-7eded646d851,543-749-8869,Julia,Lewis,1963-08-03,Female,"Studio 56
Fletcher motorway
Laurenstad
OX51 5QG",WC2 6NZ,0141 496 0722,grahamjones@example.org,AB-,Mr Philip Harding MD,Dr Lindsey Davies,0117 496 0041,2025-04-29 00:50:57,2025-04-29 00:50:57
97000eff-2bad-4d30-b9a2-2b583bb7a2ea,991-190-3439,Aimee,Williams,2024-04-30,Female,"8 Jennifer ways
East Geraldhaven
L0 7FL",B66 2XN,+44(0)1154960220,allan52@example.com,B-,Mrs Mandy James MD,Ms Tracy Hughes,+44(0)141 4960761,2025-04-29 00:50:57,2025-04-29 00:50:57
a92961e0-0732-447d-80c5-cc552d1b403f,590-373-6650,Joyce,Hill,1943-11-23,Female,"816 Jayne lane
South Dean
N2C 6PU",G2C 5TS,0141 496 0032,royturner@example.org,B+,Leigh Smith MD,Vincent Bruce,+441632 960303,2025-04-29 00:50:57,2025-04-29 00:50:57
4a0c584f-b8f2-4932-9e92-9b7c9fa794a3,876-488-6762,Stanley,Robinson,1928-03-24,Male,"29 Doyle mall
Daviesview
HA6P 0SL",G9 6EP,(029) 2018970,xfoster@example.org,A-,Hazel Lawson MD,Dale Patel-Moore,+44(0)141 496 0264,2025-04-29 00:50:57,2025-04-29 00:50:57
fe4f76aa-3b02-49d2-b903-78c0b3c6747b,834-230-8095,Joseph,Woodward,1984-06-04,Male,"Flat 6
Clark trace
Daystad
B23 4XL",SL6P 2NA,0131 496 0875,patrickthomas@example.net,B+,John Cooper MD,Adrian Robinson,+44(0)161 4960128,2025-04-29 00:50:57,2025-04-29 00:50:57
cba77cdd-2d55-46db-bbe5-3f4794d9d2a3,970-526-9424,Geraldine,Thomas,2002-07-15,Female,"Flat 32
Gail fork
Prattstad
DT90 5EU",BL70 4WN,(0909) 8790916,dobsontoby@example.net,AB-,Joshua Adams-Thompson MD,Louis Bishop-Black,(0141) 4960520,2025-04-29 00:50:57,2025-04-29 00:50:57
fad8cb2b-0ad6-46ae-b117-56c76ef1e1f3,943-228-8963,Hannah,Smith,1995-01-05,Female,"785 Scott court
Bowenland
CB02 3AH",NP6A 7YE,(0306) 999 0274,hannah64@example.net,O+,Ms Denise Johnson MD,Stacey Powell,0161 496 0122,2025-04-29 00:50:57,2025-04-29 00:50:57
6ed951ac-6155-4cdf-b807-852b5be62bef,710-725-9305,Owen,Hawkins,1992-07-02,Male,"37 Lorraine locks
Port Lucy
E26 0QP",N61 2NJ,+44(0)1174960415,ocunningham@example.com,B+,Ms Ashleigh Griffiths MD,Steven Higgins,0118 496 0281,2025-04-29 00:50:57,2025-04-29 00:50:57
e2472a6c-72a6-4dcb-a9f6-6504e479c364,403-984-6999,Mark,Smith,1973-04-13,Male,"Studio 58
Bird ranch
Kayborough
M3 1HA",M9T 2HT,0117 4960241,shane39@example.com,O+,Mrs Donna Pearce MD,Stanley Thornton,+44(0)114 4960661,2025-04-29 00:50:57,2025-04-29 00:50:57
80944f9e-3c09-4e4a-b75a-227391c8e7d0,529-727-9492,Rachel,Lamb,1992-12-11,Female,"40 Anne fort
West Paul
M6 1YT",AL6R 8YB,(0118) 4960544,kathleenwest@example.org,AB+,Debra Hudson MD,Cameron Akhtar,+44909 879 0471,2025-04-29 00:50:57,2025-04-29 00:50:57
40c1a845-3acd-4912-93cf-e1792c0c66cf,573-155-6533,Geoffrey,Stewart,2013-07-24,Male,"479 Page spur
Mahmoodbury
G22 5YG",W6 0SD,0117 4960700,jeremy49@example.org,B+,Dr Eric Smith MD,Caroline Knowles,+44(0)1174960953,2025-04-29 00:50:57,2025-04-29 00:50:57
f65272a3-9d75-4f8a-a8fd-c416fd6c6f84,551-573-1340,Gail,Howe,1948-06-06,Female,"Flat 12
Katie tunnel
Lake Luke
B4A 4TY",LS7W 7FN,+441632960368,rhys60@example.net,O+,Graeme Taylor-Scott MD,Dr Annette Jones,+44121 4960282,2025-04-29 00:50:57,2025-04-29 00:50:57
